[{"domain_id":2,"protocol":"http","unixtime":1618017000,"bytes":143428,"interval":"5min"},{"domain_id":2,"protocol":"http","unixtime":1618014600,"bytes":459271,"interval":"5min"},{"domain_id":2,"protocol":"http","unixtime":1618014300,"bytes":441430,"interval":"5min"},{"domain_id":3,"protocol":"http","unixtime":1618011600,"bytes":539,"interval":"5min"},{"domain_id":3,"protocol":"http","unixtime":1618011900,"bytes":2017,"interval":"5min"},{"domain_id":3,"protocol":"http","unixtime":1618030800,"bytes":99414,"interval":"5min"},{"domain_id":3,"protocol":"http","unixtime":1618012500,"bytes":126068,"interval":"5min"},{"domain_id":3,"protocol":"http","unixtime":1618014300,"bytes":303849,"interval":"5min"},{"domain_id":3,"protocol":"http","unixtime":1618012200,"bytes":12688,"interval":"5min"},{"domain_id":1,"protocol":"ftp","unixtime":1618012500,"bytes":7370137,"interval":"5min"},{"domain_id":2,"protocol":"http","unixtime":1618054800,"bytes":2446,"interval":"5min"},{"domain_id":2,"protocol":"http","unixtime":1618048200,"bytes":2690,"interval":"5min"},{"domain_id":3,"protocol":"http","unixtime":1618038300,"bytes":704,"interval":"5min"},{"domain_id":3,"protocol":"http","unixtime":1618041900,"bytes":766,"interval":"5min"},{"domain_id":3,"protocol":"http","unixtime":1618037100,"bytes":694,"interval":"5min"},{"domain_id":3,"protocol":"http","unixtime":1618038600,"bytes":3270,"interval":"5min"},{"domain_id":3,"protocol":"http","unixtime":1618044000,"bytes":3270,"interval":"5min"},{"domain_id":3,"protocol":"http","unixtime":1618047000,"bytes":621,"interval":"5min"},{"domain_id":3,"protocol":"http","unixtime":1618039800,"bytes":3256,"interval":"5min"},{"domain_id":3,"protocol":"http","unixtime":1618044300,"bytes":4061,"interval":"5min"},{"domain_id":3,"protocol":"http","unixtime":1618059600,"bytes":632,"interval":"5min"},{"domain_id":3,"protocol":"http","unixtime":1618036200,"bytes":3256,"interval":"5min"},{"domain_id":3,"protocol":"http","unixtime":1618048200,"bytes":3231,"interval":"5min"},{"domain_id":3,"protocol":"http","unixtime":1618064700,"bytes":400028,"interval":"5min"},{"domain_id":3,"protocol":"http","unixtime":1618055400,"bytes":3557,"interval":"5min"},{"domain_id":2,"protocol":"http","unixtime":1618113900,"bytes":34735,"interval":"5min"},{"domain_id":2,"protocol":"http","unixtime":1618101000,"bytes":89697,"interval":"5min"},{"domain_id":2,"protocol":"http","unixtime":1618114800,"bytes":33738,"interval":"5min"},{"domain_id":2,"protocol":"http","unixtime":1618102500,"bytes":1901,"interval":"5min"},{"domain_id":2,"protocol":"http","unixtime":1618101300,"bytes":32623,"interval":"5min"},{"domain_id":2,"protocol":"http","unixtime":1618115100,"bytes":32624,"interval":"5min"},{"domain_id":2,"protocol":"http","unixtime":1618100100,"bytes":28606,"interval":"5min"},{"domain_id":3,"protocol":"http","unixtime":1618078500,"bytes":4061,"interval":"5min"},{"domain_id":3,"protocol":"http","unixtime":1618102800,"bytes":4061,"interval":"5min"},{"domain_id":3,"protocol":"http","unixtime":1618117500,"bytes":99394,"interval":"5min"},{"domain_id":2,"protocol":"http","unixtime":1618140900,"bytes":5529,"interval":"5min"},{"domain_id":2,"protocol":"http","unixtime":1618149000,"bytes":34961,"interval":"5min"},{"domain_id":2,"protocol":"http","unixtime":1618128600,"bytes":291879,"interval":"5min"},{"domain_id":2,"protocol":"http","unixtime":1618135800,"bytes":691,"interval":"5min"},{"domain_id":2,"protocol":"http","unixtime":1618149600,"bytes":39513,"interval":"5min"},{"domain_id":2,"protocol":"http","unixtime":1618135200,"bytes":5531,"interval":"5min"},{"domain_id":2,"protocol":"http","unixtime":1618149900,"bytes":43587,"interval":"5min"},{"domain_id":2,"protocol":"http","unixtime":1618135500,"bytes":5544,"interval":"5min"},{"domain_id":3,"protocol":"http","unixtime":1618158900,"bytes":4061,"interval":"5min"},{"domain_id":2,"protocol":"http","unixtime":1618201500,"bytes":10887,"interval":"5min"},{"domain_id":2,"protocol":"http","unixtime":1618200300,"bytes":27429,"interval":"5min"},{"domain_id":2,"protocol":"http","unixtime":1618201200,"bytes":10844,"interval":"5min"},{"domain_id":2,"protocol":"http","unixtime":1618200600,"bytes":33744,"interval":"5min"},{"domain_id":2,"protocol":"http","unixtime":1618200900,"bytes":11049,"interval":"5min"},{"domain_id":2,"protocol":"http","unixtime":1618172700,"bytes":7718,"interval":"5min"},{"domain_id":2,"protocol":"http","unixtime":1618173300,"bytes":7666,"interval":"5min"},{"domain_id":2,"protocol":"http","unixtime":1618175400,"bytes":292884,"interval":"5min"},{"domain_id":3,"protocol":"http","unixtime":1618185900,"bytes":55660,"interval":"5min"},{"domain_id":3,"protocol":"http","unixtime":1618193100,"bytes":150160,"interval":"5min"},{"domain_id":3,"protocol":"http","unixtime":1618168800,"bytes":4065,"interval":"5min"},{"domain_id":3,"protocol":"http","unixtime":1618236000,"bytes":658,"interval":"5min"},{"domain_id":3,"protocol":"http","unixtime":1618218000,"bytes":4065,"interval":"5min"},{"domain_id":3,"protocol":"http","unixtime":1618244400,"bytes":4061,"interval":"5min"},{"domain_id":2,"protocol":"http","unixtime":1618273500,"bytes":7903213,"interval":"5min"},{"domain_id":2,"protocol":"http","unixtime":1618274700,"bytes":179660,"interval":"5min"},{"domain_id":2,"protocol":"http","unixtime":1618272600,"bytes":9258187,"interval":"5min"},{"domain_id":2,"protocol":"http","unixtime":1618273200,"bytes":6111239,"interval":"5min"},{"domain_id":2,"protocol":"http","unixtime":1618272300,"bytes":9790,"interval":"5min"},{"domain_id":2,"protocol":"http","unixtime":1618273800,"bytes":2485799,"interval":"5min"},{"domain_id":2,"protocol":"http","unixtime":1618274100,"bytes":30969,"interval":"5min"},{"domain_id":2,"protocol":"http","unixtime":1618272900,"bytes":9506696,"interval":"5min"},{"domain_id":2,"protocol":"http","unixtime":1618266300,"bytes":148458,"interval":"5min"},{"domain_id":2,"protocol":"http","unixtime":1618271400,"bytes":406761,"interval":"5min"},{"domain_id":2,"protocol":"http","unixtime":1618275000,"bytes":72355,"interval":"5min"},{"domain_id":2,"protocol":"http","unixtime":1618280400,"bytes":103618,"interval":"5min"},{"domain_id":2,"protocol":"http","unixtime":1618275600,"bytes":4534,"interval":"5min"},{"domain_id":2,"protocol":"http","unixtime":1618269900,"bytes":146879,"interval":"5min"},{"domain_id":2,"protocol":"http","unixtime":1618274400,"bytes":5705520,"interval":"5min"},{"domain_id":2,"protocol":"http","unixtime":1618271100,"bytes":697974,"interval":"5min"},{"domain_id":2,"protocol":"http","unixtime":1618270500,"bytes":781743,"interval":"5min"},{"domain_id":2,"protocol":"http","unixtime":1618275300,"bytes":565537,"interval":"5min"},{"domain_id":2,"protocol":"http","unixtime":1618259700,"bytes":148428,"interval":"5min"},{"domain_id":2,"protocol":"http","unixtime":1618271700,"bytes":3746,"interval":"5min"},{"domain_id":2,"protocol":"http","unixtime":1618275900,"bytes":6801,"interval":"5min"},{"domain_id":2,"protocol":"http","unixtime":1618270800,"bytes":3962,"interval":"5min"},{"domain_id":3,"protocol":"http","unixtime":1618256700,"bytes":1222,"interval":"5min"},{"domain_id":3,"protocol":"http","unixtime":1618266600,"bytes":101593,"interval":"5min"},{"domain_id":3,"protocol":"http","unixtime":1618260300,"bytes":4061,"interval":"5min"},{"domain_id":1,"protocol":"ftp","unixtime":1618270500,"bytes":7404940,"interval":"5min"},{"domain_id":1,"protocol":"smtp","unixtime":1618272600,"bytes":1464,"interval":"5min"},{"domain_id":1,"protocol":"imap","unixtime":1618271100,"bytes":11473,"interval":"5min"},{"domain_id":1,"protocol":"imap","unixtime":1618271700,"bytes":6725,"interval":"5min"},{"domain_id":2,"protocol":"http","unixtime":1618332900,"bytes":81478,"interval":"5min"},{"domain_id":2,"protocol":"http","unixtime":1618302300,"bytes":23308,"interval":"5min"},{"domain_id":3,"protocol":"http","unixtime":1618307700,"bytes":658,"interval":"5min"},{"domain_id":3,"protocol":"http","unixtime":1618302600,"bytes":4063,"interval":"5min"},{"domain_id":3,"protocol":"http","unixtime":1618321800,"bytes":4061,"interval":"5min"},{"domain_id":2,"protocol":"http","unixtime":1618356900,"bytes":46209,"interval":"5min"},{"domain_id":2,"protocol":"http","unixtime":1618352400,"bytes":8654,"interval":"5min"},{"domain_id":2,"protocol":"http","unixtime":1618356600,"bytes":770404,"interval":"5min"},{"domain_id":2,"protocol":"http","unixtime":1618356000,"bytes":8804,"interval":"5min"},{"domain_id":2,"protocol":"http","unixtime":1618357800,"bytes":89556,"interval":"5min"},{"domain_id":2,"protocol":"http","unixtime":1618354500,"bytes":97431,"interval":"5min"},{"domain_id":2,"protocol":"http","unixtime":1618353900,"bytes":1711298,"interval":"5min"},{"domain_id":2,"protocol":"http","unixtime":1618354200,"bytes":965579,"interval":"5min"},{"domain_id":3,"protocol":"http","unixtime":1618349400,"bytes":4063,"interval":"5min"},{"domain_id":3,"protocol":"http","unixtime":1618372800,"bytes":10580,"interval":"5min"},{"domain_id":3,"protocol":"http","unixtime":1618355700,"bytes":2320,"interval":"5min"},{"domain_id":3,"protocol":"http","unixtime":1618356900,"bytes":6198,"interval":"5min"},{"domain_id":3,"protocol":"http","unixtime":1618357500,"bytes":18567,"interval":"5min"},{"domain_id":3,"protocol":"http","unixtime":1618358100,"bytes":1845,"interval":"5min"},{"domain_id":3,"protocol":"http","unixtime":1618356000,"bytes":53390,"interval":"5min"},{"domain_id":3,"protocol":"http","unixtime":1618357800,"bytes":725889,"interval":"5min"},{"domain_id":1,"protocol":"smtp","unixtime":1618357500,"bytes":1495,"interval":"5min"},{"domain_id":3,"protocol":"http","unixtime":1618419900,"bytes":1821,"interval":"5min"},{"domain_id":3,"protocol":"http","unixtime":1618416000,"bytes":606567,"interval":"5min"},{"domain_id":3,"protocol":"http","unixtime":1618419300,"bytes":18627,"interval":"5min"},{"domain_id":3,"protocol":"http","unixtime":1618421400,"bytes":1821,"interval":"5min"},{"domain_id":3,"protocol":"http","unixtime":1618419600,"bytes":3642,"interval":"5min"},{"domain_id":3,"protocol":"http","unixtime":1618418700,"bytes":20244,"interval":"5min"},{"domain_id":3,"protocol":"http","unixtime":1618419000,"bytes":3632,"interval":"5min"},{"domain_id":3,"protocol":"http","unixtime":1618421100,"bytes":5463,"interval":"5min"},{"domain_id":3,"protocol":"http","unixtime":1618416900,"bytes":6688,"interval":"5min"},{"domain_id":3,"protocol":"http","unixtime":1618420800,"bytes":3641,"interval":"5min"},{"domain_id":2,"protocol":"http","unixtime":1618434600,"bytes":976727,"interval":"5min"},{"domain_id":3,"protocol":"http","unixtime":1618427400,"bytes":2385,"interval":"5min"},{"domain_id":2,"protocol":"http","unixtime":1618480800,"bytes":31164,"interval":"5min"},{"domain_id":3,"protocol":"http","unixtime":1618475400,"bytes":20442,"interval":"5min"},{"domain_id":2,"protocol":"http","unixtime":1618534500,"bytes":2202705,"interval":"5min"},{"domain_id":2,"protocol":"http","unixtime":1618537200,"bytes":3327918,"interval":"5min"},{"domain_id":2,"protocol":"http","unixtime":1618533900,"bytes":385075,"interval":"5min"},{"domain_id":2,"protocol":"http","unixtime":1618538700,"bytes":3821,"interval":"5min"},{"domain_id":2,"protocol":"http","unixtime":1618534200,"bytes":1465348,"interval":"5min"},{"domain_id":2,"protocol":"http","unixtime":1618537500,"bytes":466745,"interval":"5min"},{"domain_id":2,"protocol":"http","unixtime":1618542000,"bytes":2745,"interval":"5min"},{"domain_id":2,"protocol":"http","unixtime":1618532700,"bytes":2878736,"interval":"5min"},{"domain_id":2,"protocol":"http","unixtime":1618534800,"bytes":5409366,"interval":"5min"},{"domain_id":2,"protocol":"http","unixtime":1618538100,"bytes":11592,"interval":"5min"},{"domain_id":2,"protocol":"http","unixtime":1618533600,"bytes":3102931,"interval":"5min"},{"domain_id":2,"protocol":"http","unixtime":1618553400,"bytes":67624,"interval":"5min"},{"domain_id":2,"protocol":"http","unixtime":1618535400,"bytes":4265996,"interval":"5min"},{"domain_id":2,"protocol":"http","unixtime":1618533300,"bytes":3938673,"interval":"5min"},{"domain_id":2,"protocol":"http","unixtime":1618536000,"bytes":2356292,"interval":"5min"},{"domain_id":2,"protocol":"http","unixtime":1618537800,"bytes":599026,"interval":"5min"},{"domain_id":2,"protocol":"http","unixtime":1618542300,"bytes":4274,"interval":"5min"},{"domain_id":2,"protocol":"http","unixtime":1618536600,"bytes":1479351,"interval":"5min"},{"domain_id":2,"protocol":"http","unixtime":1618538400,"bytes":7598,"interval":"5min"},{"domain_id":2,"protocol":"http","unixtime":1618542600,"bytes":7018,"interval":"5min"},{"domain_id":2,"protocol":"http","unixtime":1618533000,"bytes":10025547,"interval":"5min"},{"domain_id":2,"protocol":"http","unixtime":1618536300,"bytes":1926062,"interval":"5min"},{"domain_id":2,"protocol":"http","unixtime":1618535100,"bytes":3557745,"interval":"5min"},{"domain_id":2,"protocol":"http","unixtime":1618539000,"bytes":1900,"interval":"5min"},{"domain_id":2,"protocol":"http","unixtime":1618535700,"bytes":8300353,"interval":"5min"},{"domain_id":2,"protocol":"http","unixtime":1618536900,"bytes":1226434,"interval":"5min"},{"domain_id":1,"protocol":"smtp","unixtime":1618534200,"bytes":2234,"interval":"5min"},{"domain_id":1,"protocol":"smtp","unixtime":1618536900,"bytes":2113,"interval":"5min"},{"domain_id":1,"protocol":"smtp","unixtime":1618535700,"bytes":2243,"interval":"5min"},{"domain_id":2,"protocol":"http","unixtime":1618557900,"bytes":2294,"interval":"5min"},{"domain_id":2,"protocol":"http","unixtime":1618553700,"bytes":4594,"interval":"5min"},{"domain_id":2,"protocol":"http","unixtime":1618554900,"bytes":5301,"interval":"5min"},{"domain_id":2,"protocol":"http","unixtime":1618557300,"bytes":9173,"interval":"5min"},{"domain_id":2,"protocol":"http","unixtime":1618554600,"bytes":7038,"interval":"5min"},{"domain_id":2,"protocol":"http","unixtime":1618556400,"bytes":8563,"interval":"5min"},{"domain_id":2,"protocol":"http","unixtime":1618557600,"bytes":470506,"interval":"5min"},{"domain_id":2,"protocol":"http","unixtime":1618554300,"bytes":4692,"interval":"5min"},{"domain_id":2,"protocol":"http","unixtime":1618557000,"bytes":1458285,"interval":"5min"},{"domain_id":2,"protocol":"http","unixtime":1618556100,"bytes":49396,"interval":"5min"},{"domain_id":2,"protocol":"http","unixtime":1618554000,"bytes":7038,"interval":"5min"},{"domain_id":2,"protocol":"http","unixtime":1618556700,"bytes":248807,"interval":"5min"},{"domain_id":2,"protocol":"http","unixtime":1618555200,"bytes":124707,"interval":"5min"},{"domain_id":2,"protocol":"http","unixtime":1618608900,"bytes":4803,"interval":"5min"},{"domain_id":2,"protocol":"http","unixtime":1618608600,"bytes":6291,"interval":"5min"},{"domain_id":2,"protocol":"http","unixtime":1618608300,"bytes":11343,"interval":"5min"},{"domain_id":2,"protocol":"http","unixtime":1618621200,"bytes":473207,"interval":"5min"},{"domain_id":2,"protocol":"http","unixtime":1618614000,"bytes":2073,"interval":"5min"},{"domain_id":2,"protocol":"http","unixtime":1618610700,"bytes":9265,"interval":"5min"},{"domain_id":2,"protocol":"http","unixtime":1618623000,"bytes":464254,"interval":"5min"},{"domain_id":3,"protocol":"http","unixtime":1618598700,"bytes":8887,"interval":"5min"},{"domain_id":2,"protocol":"http","unixtime":1618705800,"bytes":212393,"interval":"5min"},{"domain_id":2,"protocol":"http","unixtime":1618711800,"bytes":4735,"interval":"5min"},{"domain_id":2,"protocol":"http","unixtime":1618720200,"bytes":4126,"interval":"5min"},{"domain_id":2,"protocol":"http","unixtime":1618711500,"bytes":22454,"interval":"5min"},{"domain_id":2,"protocol":"http","unixtime":1618720500,"bytes":2063,"interval":"5min"},{"domain_id":2,"protocol":"http","unixtime":1618712100,"bytes":2063,"interval":"5min"},{"domain_id":2,"protocol":"http","unixtime":1618692600,"bytes":15486,"interval":"5min"},{"domain_id":2,"protocol":"http","unixtime":1618692900,"bytes":6291,"interval":"5min"},{"domain_id":2,"protocol":"http","unixtime":1618719900,"bytes":6797,"interval":"5min"},{"domain_id":2,"protocol":"http","unixtime":1618744200,"bytes":32607,"interval":"5min"},{"domain_id":3,"protocol":"http","unixtime":1618743600,"bytes":14423,"interval":"5min"},{"domain_id":2,"protocol":"http","unixtime":1618790400,"bytes":10675,"interval":"5min"},{"domain_id":3,"protocol":"http","unixtime":1618787100,"bytes":9704,"interval":"5min"},{"domain_id":2,"protocol":"http","unixtime":1618874100,"bytes":5814,"interval":"5min"},{"domain_id":2,"protocol":"http","unixtime":1618879500,"bytes":10246,"interval":"5min"},{"domain_id":2,"protocol":"http","unixtime":1618875000,"bytes":495833,"interval":"5min"},{"domain_id":2,"protocol":"http","unixtime":1618878600,"bytes":2491967,"interval":"5min"},{"domain_id":2,"protocol":"http","unixtime":1618889400,"bytes":8247,"interval":"5min"},{"domain_id":2,"protocol":"http","unixtime":1618880100,"bytes":1485738,"interval":"5min"},{"domain_id":2,"protocol":"http","unixtime":1618877100,"bytes":153498,"interval":"5min"},{"domain_id":2,"protocol":"http","unixtime":1618873800,"bytes":8381,"interval":"5min"},{"domain_id":2,"protocol":"http","unixtime":1618879200,"bytes":16367,"interval":"5min"},{"domain_id":2,"protocol":"http","unixtime":1618878300,"bytes":7683487,"interval":"5min"},{"domain_id":2,"protocol":"http","unixtime":1618877700,"bytes":3792,"interval":"5min"},{"domain_id":2,"protocol":"http","unixtime":1618880700,"bytes":11657,"interval":"5min"},{"domain_id":2,"protocol":"http","unixtime":1618873200,"bytes":2370677,"interval":"5min"},{"domain_id":2,"protocol":"http","unixtime":1618879800,"bytes":112885,"interval":"5min"},{"domain_id":2,"protocol":"http","unixtime":1618881300,"bytes":4152,"interval":"5min"},{"domain_id":2,"protocol":"http","unixtime":1618878900,"bytes":514384,"interval":"5min"},{"domain_id":2,"protocol":"http","unixtime":1618873500,"bytes":5814,"interval":"5min"},{"domain_id":2,"protocol":"http","unixtime":1618874700,"bytes":3876,"interval":"5min"},{"domain_id":2,"protocol":"http","unixtime":1618876200,"bytes":43624,"interval":"5min"},{"domain_id":2,"protocol":"http","unixtime":1618875900,"bytes":52685,"interval":"5min"},{"domain_id":2,"protocol":"http","unixtime":1618889700,"bytes":6107,"interval":"5min"},{"domain_id":2,"protocol":"http","unixtime":1618887600,"bytes":6107,"interval":"5min"},{"domain_id":2,"protocol":"http","unixtime":1618882200,"bytes":972068,"interval":"5min"},{"domain_id":2,"protocol":"http","unixtime":1618888800,"bytes":8242,"interval":"5min"},{"domain_id":2,"protocol":"http","unixtime":1618881000,"bytes":12962,"interval":"5min"},{"domain_id":2,"protocol":"http","unixtime":1618876500,"bytes":179151,"interval":"5min"},{"domain_id":2,"protocol":"http","unixtime":1618874400,"bytes":3876,"interval":"5min"},{"domain_id":2,"protocol":"http","unixtime":1618875300,"bytes":693266,"interval":"5min"},{"domain_id":2,"protocol":"http","unixtime":1618890000,"bytes":2749,"interval":"5min"},{"domain_id":2,"protocol":"http","unixtime":1618888500,"bytes":5494,"interval":"5min"},{"domain_id":2,"protocol":"http","unixtime":1618880400,"bytes":12353,"interval":"5min"},{"domain_id":2,"protocol":"http","unixtime":1618889100,"bytes":5498,"interval":"5min"},{"domain_id":2,"protocol":"http","unixtime":1618876800,"bytes":20480,"interval":"5min"},{"domain_id":2,"protocol":"http","unixtime":1618877400,"bytes":69008,"interval":"5min"},{"domain_id":2,"protocol":"http","unixtime":1618887900,"bytes":5496,"interval":"5min"},{"domain_id":2,"protocol":"http","unixtime":1618878000,"bytes":9526,"interval":"5min"},{"domain_id":2,"protocol":"http","unixtime":1618875600,"bytes":9530,"interval":"5min"},{"domain_id":2,"protocol":"http","unixtime":1618888200,"bytes":8892,"interval":"5min"},{"domain_id":2,"protocol":"http","unixtime":1618922100,"bytes":6107,"interval":"5min"},{"domain_id":2,"protocol":"http","unixtime":1618921800,"bytes":14751,"interval":"5min"},{"domain_id":2,"protocol":"http","unixtime":1618967400,"bytes":11788,"interval":"5min"},{"domain_id":3,"protocol":"http","unixtime":1618978500,"bytes":891496,"interval":"5min"},{"domain_id":3,"protocol":"http","unixtime":1618979100,"bytes":390120,"interval":"5min"},{"domain_id":3,"protocol":"http","unixtime":1618978200,"bytes":560639,"interval":"5min"},{"domain_id":3,"protocol":"http","unixtime":1618979700,"bytes":1545564,"interval":"5min"},{"domain_id":3,"protocol":"http","unixtime":1618978800,"bytes":381817,"interval":"5min"},{"domain_id":3,"protocol":"http","unixtime":1618980000,"bytes":207518,"interval":"5min"},{"domain_id":3,"protocol":"http","unixtime":1618979400,"bytes":443173,"interval":"5min"},{"domain_id":2,"protocol":"http","unixtime":1619018100,"bytes":5498,"interval":"5min"},{"domain_id":2,"protocol":"http","unixtime":1619022300,"bytes":5519,"interval":"5min"},{"domain_id":2,"protocol":"http","unixtime":1619023200,"bytes":8247,"interval":"5min"},{"domain_id":2,"protocol":"http","unixtime":1619027700,"bytes":8247,"interval":"5min"},{"domain_id":2,"protocol":"http","unixtime":1619019900,"bytes":5498,"interval":"5min"},{"domain_id":2,"protocol":"http","unixtime":1619017800,"bytes":8856,"interval":"5min"},{"domain_id":2,"protocol":"http","unixtime":1619022600,"bytes":8247,"interval":"5min"},{"domain_id":2,"protocol":"http","unixtime":1619023500,"bytes":5498,"interval":"5min"},{"domain_id":2,"protocol":"http","unixtime":1619024700,"bytes":5498,"interval":"5min"},{"domain_id":2,"protocol":"http","unixtime":1619025000,"bytes":6107,"interval":"5min"},{"domain_id":2,"protocol":"http","unixtime":1619017200,"bytes":8247,"interval":"5min"},{"domain_id":2,"protocol":"http","unixtime":1619019300,"bytes":6107,"interval":"5min"},{"domain_id":2,"protocol":"http","unixtime":1619021400,"bytes":8856,"interval":"5min"},{"domain_id":2,"protocol":"http","unixtime":1619024100,"bytes":5498,"interval":"5min"},{"domain_id":2,"protocol":"http","unixtime":1619022900,"bytes":6107,"interval":"5min"},{"domain_id":2,"protocol":"http","unixtime":1619019600,"bytes":8247,"interval":"5min"},{"domain_id":2,"protocol":"http","unixtime":1619028300,"bytes":8247,"interval":"5min"},{"domain_id":2,"protocol":"http","unixtime":1619017500,"bytes":5498,"interval":"5min"},{"domain_id":2,"protocol":"http","unixtime":1619018700,"bytes":5498,"interval":"5min"},{"domain_id":2,"protocol":"http","unixtime":1618997700,"bytes":50545,"interval":"5min"},{"domain_id":2,"protocol":"http","unixtime":1619027100,"bytes":8268,"interval":"5min"},{"domain_id":2,"protocol":"http","unixtime":1619023800,"bytes":8247,"interval":"5min"},{"domain_id":2,"protocol":"http","unixtime":1619025300,"bytes":8247,"interval":"5min"},{"domain_id":2,"protocol":"http","unixtime":1619019000,"bytes":8245,"interval":"5min"},{"domain_id":2,"protocol":"http","unixtime":1619021100,"bytes":5498,"interval":"5min"},{"domain_id":2,"protocol":"http","unixtime":1619024400,"bytes":8247,"interval":"5min"},{"domain_id":2,"protocol":"http","unixtime":1619028000,"bytes":5498,"interval":"5min"},{"domain_id":2,"protocol":"http","unixtime":1619025600,"bytes":5498,"interval":"5min"},{"domain_id":2,"protocol":"http","unixtime":1619027400,"bytes":5519,"interval":"5min"},{"domain_id":2,"protocol":"http","unixtime":1619020200,"bytes":5498,"interval":"5min"},{"domain_id":2,"protocol":"http","unixtime":1619016900,"bytes":14730,"interval":"5min"},{"domain_id":2,"protocol":"http","unixtime":1619026800,"bytes":5498,"interval":"5min"},{"domain_id":2,"protocol":"http","unixtime":1619018400,"bytes":8247,"interval":"5min"},{"domain_id":2,"protocol":"http","unixtime":1619022000,"bytes":8247,"interval":"5min"},{"domain_id":2,"protocol":"http","unixtime":1619025900,"bytes":8247,"interval":"5min"},{"domain_id":2,"protocol":"http","unixtime":1619020800,"bytes":8247,"interval":"5min"},{"domain_id":2,"protocol":"http","unixtime":1619026200,"bytes":5498,"interval":"5min"},{"domain_id":2,"protocol":"http","unixtime":1619005800,"bytes":32609,"interval":"5min"},{"domain_id":2,"protocol":"http","unixtime":1619026500,"bytes":8856,"interval":"5min"},{"domain_id":2,"protocol":"http","unixtime":1619021700,"bytes":5498,"interval":"5min"},{"domain_id":3,"protocol":"http","unixtime":1619026200,"bytes":3822,"interval":"5min"},{"domain_id":3,"protocol":"http","unixtime":1619025900,"bytes":5733,"interval":"5min"},{"domain_id":3,"protocol":"http","unixtime":1619020800,"bytes":771438,"interval":"5min"},{"domain_id":3,"protocol":"http","unixtime":1619022000,"bytes":8255,"interval":"5min"},{"domain_id":3,"protocol":"http","unixtime":1619021700,"bytes":5733,"interval":"5min"},{"domain_id":3,"protocol":"http","unixtime":1619026500,"bytes":1911,"interval":"5min"},{"domain_id":3,"protocol":"http","unixtime":1619016300,"bytes":74805,"interval":"5min"},{"domain_id":3,"protocol":"http","unixtime":1619024400,"bytes":3822,"interval":"5min"},{"domain_id":3,"protocol":"http","unixtime":1619021100,"bytes":47782,"interval":"5min"},{"domain_id":3,"protocol":"http","unixtime":1619006700,"bytes":25062,"interval":"5min"},{"domain_id":3,"protocol":"http","unixtime":1619025600,"bytes":7280,"interval":"5min"},{"domain_id":3,"protocol":"http","unixtime":1619022900,"bytes":1911,"interval":"5min"},{"domain_id":3,"protocol":"http","unixtime":1619024100,"bytes":6343,"interval":"5min"},{"domain_id":3,"protocol":"http","unixtime":1619021400,"bytes":7642,"interval":"5min"},{"domain_id":3,"protocol":"http","unixtime":1619022300,"bytes":5733,"interval":"5min"},{"domain_id":3,"protocol":"http","unixtime":1619024700,"bytes":3822,"interval":"5min"},{"domain_id":3,"protocol":"http","unixtime":1619022600,"bytes":3822,"interval":"5min"},{"domain_id":2,"protocol":"http","unixtime":1619044800,"bytes":8247,"interval":"5min"},{"domain_id":2,"protocol":"http","unixtime":1619070900,"bytes":5500,"interval":"5min"},{"domain_id":2,"protocol":"http","unixtime":1619042700,"bytes":5498,"interval":"5min"},{"domain_id":2,"protocol":"http","unixtime":1619043600,"bytes":8268,"interval":"5min"},{"domain_id":2,"protocol":"http","unixtime":1619067300,"bytes":5521,"interval":"5min"},{"domain_id":2,"protocol":"http","unixtime":1619062500,"bytes":8859,"interval":"5min"},{"domain_id":2,"protocol":"http","unixtime":1619029800,"bytes":5498,"interval":"5min"},{"domain_id":2,"protocol":"http","unixtime":1619071800,"bytes":8859,"interval":"5min"},{"domain_id":2,"protocol":"http","unixtime":1619064600,"bytes":6109,"interval":"5min"},{"domain_id":2,"protocol":"http","unixtime":1619045400,"bytes":8247,"interval":"5min"},{"domain_id":2,"protocol":"http","unixtime":1619063100,"bytes":8250,"interval":"5min"},{"domain_id":2,"protocol":"http","unixtime":1619069700,"bytes":6109,"interval":"5min"},{"domain_id":2,"protocol":"http","unixtime":1619046000,"bytes":8247,"interval":"5min"},{"domain_id":2,"protocol":"http","unixtime":1619043300,"bytes":5498,"interval":"5min"},{"domain_id":2,"protocol":"http","unixtime":1619066400,"bytes":8250,"interval":"5min"},{"domain_id":2,"protocol":"http","unixtime":1619062200,"bytes":5500,"interval":"5min"},{"domain_id":2,"protocol":"http","unixtime":1619068800,"bytes":8248,"interval":"5min"},{"domain_id":2,"protocol":"http","unixtime":1619030100,"bytes":8856,"interval":"5min"},{"domain_id":2,"protocol":"http","unixtime":1619067600,"bytes":8271,"interval":"5min"},{"domain_id":2,"protocol":"http","unixtime":1619039400,"bytes":6107,"interval":"5min"},{"domain_id":2,"protocol":"http","unixtime":1619028900,"bytes":8247,"interval":"5min"},{"domain_id":2,"protocol":"http","unixtime":1619064300,"bytes":8250,"interval":"5min"},{"domain_id":2,"protocol":"http","unixtime":1619044500,"bytes":6107,"interval":"5min"},{"domain_id":2,"protocol":"http","unixtime":1619040000,"bytes":8247,"interval":"5min"},{"domain_id":2,"protocol":"http","unixtime":1619069100,"bytes":5521,"interval":"5min"},{"domain_id":2,"protocol":"http","unixtime":1619028600,"bytes":6107,"interval":"5min"},{"domain_id":2,"protocol":"http","unixtime":1619063700,"bytes":8250,"interval":"5min"},{"domain_id":2,"protocol":"http","unixtime":1619067900,"bytes":5500,"interval":"5min"},{"domain_id":2,"protocol":"http","unixtime":1619047200,"bytes":5498,"interval":"5min"},{"domain_id":2,"protocol":"http","unixtime":1619062800,"bytes":5500,"interval":"5min"},{"domain_id":2,"protocol":"http","unixtime":1619068200,"bytes":8859,"interval":"5min"},{"domain_id":2,"protocol":"http","unixtime":1619070300,"bytes":5500,"interval":"5min"},{"domain_id":2,"protocol":"http","unixtime":1619030700,"bytes":5498,"interval":"5min"},{"domain_id":2,"protocol":"http","unixtime":1619071500,"bytes":5500,"interval":"5min"},{"domain_id":2,"protocol":"http","unixtime":1619064900,"bytes":8250,"interval":"5min"},{"domain_id":2,"protocol":"http","unixtime":1619044200,"bytes":8247,"interval":"5min"},{"domain_id":2,"protocol":"http","unixtime":1619042100,"bytes":5498,"interval":"5min"},{"domain_id":2,"protocol":"http","unixtime":1619047500,"bytes":5498,"interval":"5min"},{"domain_id":2,"protocol":"http","unixtime":1619068500,"bytes":5500,"interval":"5min"},{"domain_id":2,"protocol":"http","unixtime":1619043900,"bytes":5519,"interval":"5min"},{"domain_id":2,"protocol":"http","unixtime":1619029200,"bytes":2749,"interval":"5min"},{"domain_id":2,"protocol":"http","unixtime":1619070600,"bytes":8271,"interval":"5min"},{"domain_id":2,"protocol":"http","unixtime":1619071200,"bytes":8250,"interval":"5min"},{"domain_id":2,"protocol":"http","unixtime":1619066700,"bytes":5500,"interval":"5min"},{"domain_id":2,"protocol":"http","unixtime":1619038800,"bytes":5496,"interval":"5min"},{"domain_id":2,"protocol":"http","unixtime":1619069400,"bytes":8250,"interval":"5min"},{"domain_id":2,"protocol":"http","unixtime":1619041500,"bytes":5498,"interval":"5min"},{"domain_id":2,"protocol":"http","unixtime":1619031000,"bytes":5498,"interval":"5min"},{"domain_id":2,"protocol":"http","unixtime":1619045700,"bytes":5498,"interval":"5min"},{"domain_id":2,"protocol":"http","unixtime":1619040300,"bytes":5498,"interval":"5min"},{"domain_id":2,"protocol":"http","unixtime":1619070000,"bytes":8250,"interval":"5min"},{"domain_id":2,"protocol":"http","unixtime":1619065500,"bytes":8250,"interval":"5min"},{"domain_id":2,"protocol":"http","unixtime":1619039700,"bytes":5498,"interval":"5min"},{"domain_id":2,"protocol":"http","unixtime":1619040600,"bytes":8247,"interval":"5min"},{"domain_id":2,"protocol":"http","unixtime":1619061900,"bytes":532641,"interval":"5min"},{"domain_id":2,"protocol":"http","unixtime":1619041200,"bytes":8247,"interval":"5min"},{"domain_id":2,"protocol":"http","unixtime":1619042400,"bytes":8247,"interval":"5min"},{"domain_id":2,"protocol":"http","unixtime":1619065200,"bytes":5500,"interval":"5min"},{"domain_id":2,"protocol":"http","unixtime":1619046900,"bytes":5498,"interval":"5min"},{"domain_id":2,"protocol":"http","unixtime":1619046600,"bytes":8856,"interval":"5min"},{"domain_id":2,"protocol":"http","unixtime":1619038500,"bytes":6107,"interval":"5min"},{"domain_id":2,"protocol":"http","unixtime":1619041800,"bytes":8247,"interval":"5min"},{"domain_id":2,"protocol":"http","unixtime":1619040900,"bytes":6107,"interval":"5min"},{"domain_id":2,"protocol":"http","unixtime":1619065800,"bytes":5500,"interval":"5min"},{"domain_id":2,"protocol":"http","unixtime":1619067000,"bytes":8271,"interval":"5min"},{"domain_id":2,"protocol":"http","unixtime":1619045100,"bytes":5498,"interval":"5min"},{"domain_id":2,"protocol":"http","unixtime":1619063400,"bytes":5500,"interval":"5min"},{"domain_id":2,"protocol":"http","unixtime":1619046300,"bytes":5498,"interval":"5min"},{"domain_id":2,"protocol":"http","unixtime":1619043000,"bytes":8856,"interval":"5min"},{"domain_id":2,"protocol":"http","unixtime":1619066100,"bytes":6109,"interval":"5min"},{"domain_id":2,"protocol":"http","unixtime":1619064000,"bytes":5500,"interval":"5min"},{"domain_id":2,"protocol":"http","unixtime":1619039100,"bytes":8247,"interval":"5min"},{"domain_id":2,"protocol":"http","unixtime":1619030400,"bytes":5498,"interval":"5min"},{"domain_id":3,"protocol":"http","unixtime":1619034000,"bytes":18909,"interval":"5min"},{"domain_id":3,"protocol":"http","unixtime":1619049300,"bytes":25537,"interval":"5min"},{"domain_id":3,"protocol":"http","unixtime":1619036700,"bytes":6744,"interval":"5min"},{"domain_id":3,"protocol":"http","unixtime":1619055300,"bytes":2563,"interval":"5min"},{"domain_id":3,"protocol":"http","unixtime":1619049000,"bytes":670,"interval":"5min"},{"domain_id":2,"protocol":"http","unixtime":1619076300,"bytes":5500,"interval":"5min"},{"domain_id":2,"protocol":"http","unixtime":1619073000,"bytes":5521,"interval":"5min"},{"domain_id":2,"protocol":"http","unixtime":1619097900,"bytes":5500,"interval":"5min"},{"domain_id":2,"protocol":"http","unixtime":1619093700,"bytes":8271,"interval":"5min"},{"domain_id":2,"protocol":"http","unixtime":1619075100,"bytes":8250,"interval":"5min"},{"domain_id":2,"protocol":"http","unixtime":1619089800,"bytes":3359,"interval":"5min"},{"domain_id":2,"protocol":"http","unixtime":1619112000,"bytes":5500,"interval":"5min"},{"domain_id":2,"protocol":"http","unixtime":1619099100,"bytes":5500,"interval":"5min"},{"domain_id":2,"protocol":"http","unixtime":1619090400,"bytes":5500,"interval":"5min"},{"domain_id":2,"protocol":"http","unixtime":1619100300,"bytes":5500,"interval":"5min"},{"domain_id":2,"protocol":"http","unixtime":1619105700,"bytes":8859,"interval":"5min"},{"domain_id":2,"protocol":"http","unixtime":1619110800,"bytes":5500,"interval":"5min"},{"domain_id":2,"protocol":"http","unixtime":1619101500,"bytes":5500,"interval":"5min"},{"domain_id":2,"protocol":"http","unixtime":1619092800,"bytes":5500,"interval":"5min"},{"domain_id":2,"protocol":"http","unixtime":1619098200,"bytes":8250,"interval":"5min"},{"domain_id":2,"protocol":"http","unixtime":1619109000,"bytes":5500,"interval":"5min"},{"domain_id":2,"protocol":"http","unixtime":1619106900,"bytes":8250,"interval":"5min"},{"domain_id":2,"protocol":"http","unixtime":1619094900,"bytes":8859,"interval":"5min"},{"domain_id":2,"protocol":"http","unixtime":1619101200,"bytes":8250,"interval":"5min"},{"domain_id":2,"protocol":"http","unixtime":1619102400,"bytes":8250,"interval":"5min"},{"domain_id":2,"protocol":"http","unixtime":1619100600,"bytes":8859,"interval":"5min"},{"domain_id":2,"protocol":"http","unixtime":1619098500,"bytes":6109,"interval":"5min"},{"domain_id":2,"protocol":"http","unixtime":1619111700,"bytes":8250,"interval":"5min"},{"domain_id":2,"protocol":"http","unixtime":1619100900,"bytes":5500,"interval":"5min"},{"domain_id":2,"protocol":"http","unixtime":1619072400,"bytes":8250,"interval":"5min"},{"domain_id":2,"protocol":"http","unixtime":1619110500,"bytes":8250,"interval":"5min"},{"domain_id":2,"protocol":"http","unixtime":1619111100,"bytes":8248,"interval":"5min"},{"domain_id":2,"protocol":"http","unixtime":1619101800,"bytes":8250,"interval":"5min"},{"domain_id":2,"protocol":"http","unixtime":1619094600,"bytes":5500,"interval":"5min"},{"domain_id":2,"protocol":"http","unixtime":1619108400,"bytes":5500,"interval":"5min"},{"domain_id":2,"protocol":"http","unixtime":1619097300,"bytes":8250,"interval":"5min"},{"domain_id":2,"protocol":"http","unixtime":1619092500,"bytes":8250,"interval":"5min"},{"domain_id":2,"protocol":"http","unixtime":1619106600,"bytes":5500,"interval":"5min"},{"domain_id":2,"protocol":"http","unixtime":1619114400,"bytes":8250,"interval":"5min"},{"domain_id":2,"protocol":"http","unixtime":1619099700,"bytes":5500,"interval":"5min"},{"domain_id":2,"protocol":"http","unixtime":1619096400,"bytes":5500,"interval":"5min"},{"domain_id":2,"protocol":"http","unixtime":1619075700,"bytes":8250,"interval":"5min"},{"domain_id":2,"protocol":"http","unixtime":1619093100,"bytes":8250,"interval":"5min"},{"domain_id":2,"protocol":"http","unixtime":1619110200,"bytes":5500,"interval":"5min"},{"domain_id":2,"protocol":"http","unixtime":1619094300,"bytes":8250,"interval":"5min"},{"domain_id":2,"protocol":"http","unixtime":1619091000,"bytes":5500,"interval":"5min"},{"domain_id":2,"protocol":"http","unixtime":1619106300,"bytes":8250,"interval":"5min"},{"domain_id":2,"protocol":"http","unixtime":1619103000,"bytes":8250,"interval":"5min"},{"domain_id":2,"protocol":"http","unixtime":1619092200,"bytes":5500,"interval":"5min"},{"domain_id":2,"protocol":"http","unixtime":1619098800,"bytes":8250,"interval":"5min"},{"domain_id":2,"protocol":"http","unixtime":1619105100,"bytes":8250,"interval":"5min"},{"domain_id":2,"protocol":"http","unixtime":1619097600,"bytes":5500,"interval":"5min"},{"domain_id":2,"protocol":"http","unixtime":1619074200,"bytes":5500,"interval":"5min"},{"domain_id":2,"protocol":"http","unixtime":1619109900,"bytes":8250,"interval":"5min"},{"domain_id":2,"protocol":"http","unixtime":1619072100,"bytes":5500,"interval":"5min"},{"domain_id":2,"protocol":"http","unixtime":1619095800,"bytes":5500,"interval":"5min"},{"domain_id":2,"protocol":"http","unixtime":1619073900,"bytes":8250,"interval":"5min"},{"domain_id":2,"protocol":"http","unixtime":1619097000,"bytes":6109,"interval":"5min"},{"domain_id":2,"protocol":"http","unixtime":1619103600,"bytes":8250,"interval":"5min"},{"domain_id":2,"protocol":"http","unixtime":1619108100,"bytes":8250,"interval":"5min"},{"domain_id":2,"protocol":"http","unixtime":1619111400,"bytes":6109,"interval":"5min"},{"domain_id":2,"protocol":"http","unixtime":1619102700,"bytes":5500,"interval":"5min"},{"domain_id":2,"protocol":"http","unixtime":1619114100,"bytes":5500,"interval":"5min"},{"domain_id":2,"protocol":"http","unixtime":1619091600,"bytes":5500,"interval":"5min"},{"domain_id":2,"protocol":"http","unixtime":1619112900,"bytes":6109,"interval":"5min"},{"domain_id":2,"protocol":"http","unixtime":1619104800,"bytes":5500,"interval":"5min"},{"domain_id":2,"protocol":"http","unixtime":1619090700,"bytes":8248,"interval":"5min"},{"domain_id":2,"protocol":"http","unixtime":1619096100,"bytes":8292,"interval":"5min"},{"domain_id":2,"protocol":"http","unixtime":1619074500,"bytes":8271,"interval":"5min"},{"domain_id":2,"protocol":"http","unixtime":1619077200,"bytes":3401,"interval":"5min"},{"domain_id":2,"protocol":"http","unixtime":1619093400,"bytes":14711,"interval":"5min"},{"domain_id":2,"protocol":"http","unixtime":1619113800,"bytes":8250,"interval":"5min"},{"domain_id":2,"protocol":"http","unixtime":1619106000,"bytes":5500,"interval":"5min"},{"domain_id":2,"protocol":"http","unixtime":1619103300,"bytes":5500,"interval":"5min"},{"domain_id":2,"protocol":"http","unixtime":1619107800,"bytes":6109,"interval":"5min"},{"domain_id":2,"protocol":"http","unixtime":1619091300,"bytes":8859,"interval":"5min"},{"domain_id":2,"protocol":"http","unixtime":1619094000,"bytes":5500,"interval":"5min"},{"domain_id":2,"protocol":"http","unixtime":1619105400,"bytes":5521,"interval":"5min"},{"domain_id":2,"protocol":"http","unixtime":1619075400,"bytes":6109,"interval":"5min"},{"domain_id":2,"protocol":"http","unixtime":1619112300,"bytes":5500,"interval":"5min"},{"domain_id":2,"protocol":"http","unixtime":1619096700,"bytes":8250,"interval":"5min"},{"domain_id":2,"protocol":"http","unixtime":1619076000,"bytes":5500,"interval":"5min"},{"domain_id":2,"protocol":"http","unixtime":1619073300,"bytes":8880,"interval":"5min"},{"domain_id":2,"protocol":"http","unixtime":1619090100,"bytes":5500,"interval":"5min"},{"domain_id":2,"protocol":"http","unixtime":1619099400,"bytes":8250,"interval":"5min"},{"domain_id":2,"protocol":"http","unixtime":1619095500,"bytes":8250,"interval":"5min"},{"domain_id":2,"protocol":"http","unixtime":1619109300,"bytes":8859,"interval":"5min"},{"domain_id":2,"protocol":"http","unixtime":1619113200,"bytes":8250,"interval":"5min"},{"domain_id":2,"protocol":"http","unixtime":1619107200,"bytes":5500,"interval":"5min"},{"domain_id":2,"protocol":"http","unixtime":1619100000,"bytes":8250,"interval":"5min"},{"domain_id":2,"protocol":"http","unixtime":1619104500,"bytes":5500,"interval":"5min"},{"domain_id":2,"protocol":"http","unixtime":1619112600,"bytes":8250,"interval":"5min"},{"domain_id":2,"protocol":"http","unixtime":1619072700,"bytes":5500,"interval":"5min"},{"domain_id":2,"protocol":"http","unixtime":1619091900,"bytes":8250,"interval":"5min"},{"domain_id":2,"protocol":"http","unixtime":1619074800,"bytes":5500,"interval":"5min"},{"domain_id":2,"protocol":"http","unixtime":1619103900,"bytes":5500,"interval":"5min"},{"domain_id":2,"protocol":"http","unixtime":1619081700,"bytes":1255,"interval":"5min"},{"domain_id":2,"protocol":"http","unixtime":1619073600,"bytes":5500,"interval":"5min"},{"domain_id":2,"protocol":"http","unixtime":1619095200,"bytes":5500,"interval":"5min"},{"domain_id":2,"protocol":"http","unixtime":1619113500,"bytes":5500,"interval":"5min"},{"domain_id":2,"protocol":"http","unixtime":1619114700,"bytes":5500,"interval":"5min"},{"domain_id":2,"protocol":"http","unixtime":1619107500,"bytes":9693,"interval":"5min"},{"domain_id":2,"protocol":"http","unixtime":1619102100,"bytes":6109,"interval":"5min"},{"domain_id":2,"protocol":"http","unixtime":1619109600,"bytes":5500,"interval":"5min"},{"domain_id":2,"protocol":"http","unixtime":1619108700,"bytes":8250,"interval":"5min"},{"domain_id":2,"protocol":"http","unixtime":1619104200,"bytes":8859,"interval":"5min"},{"domain_id":3,"protocol":"http","unixtime":1619098200,"bytes":6382,"interval":"5min"},{"domain_id":2,"protocol":"http","unixtime":1619121600,"bytes":5500,"interval":"5min"},{"domain_id":2,"protocol":"http","unixtime":1619138100,"bytes":9468,"interval":"5min"},{"domain_id":2,"protocol":"http","unixtime":1619133600,"bytes":8250,"interval":"5min"},{"domain_id":2,"protocol":"http","unixtime":1619155800,"bytes":2186,"interval":"5min"},{"domain_id":2,"protocol":"http","unixtime":1619115900,"bytes":5498,"interval":"5min"},{"domain_id":2,"protocol":"http","unixtime":1619132700,"bytes":5500,"interval":"5min"},{"domain_id":2,"protocol":"http","unixtime":1619140800,"bytes":25220,"interval":"5min"},{"domain_id":2,"protocol":"http","unixtime":1619116200,"bytes":8250,"interval":"5min"},{"domain_id":2,"protocol":"http","unixtime":1619134800,"bytes":5500,"interval":"5min"},{"domain_id":2,"protocol":"http","unixtime":1619127000,"bytes":8271,"interval":"5min"},{"domain_id":2,"protocol":"http","unixtime":1619125800,"bytes":6107,"interval":"5min"},{"domain_id":2,"protocol":"http","unixtime":1619142000,"bytes":51143,"interval":"5min"},{"domain_id":2,"protocol":"http","unixtime":1619139900,"bytes":2287130,"interval":"5min"},{"domain_id":2,"protocol":"http","unixtime":1619141700,"bytes":24092,"interval":"5min"},{"domain_id":2,"protocol":"http","unixtime":1619133300,"bytes":5500,"interval":"5min"},{"domain_id":2,"protocol":"http","unixtime":1619136000,"bytes":5498,"interval":"5min"},{"domain_id":2,"protocol":"http","unixtime":1619121300,"bytes":8250,"interval":"5min"},{"domain_id":2,"protocol":"http","unixtime":1619124000,"bytes":5519,"interval":"5min"},{"domain_id":2,"protocol":"http","unixtime":1619137800,"bytes":5500,"interval":"5min"},{"domain_id":2,"protocol":"http","unixtime":1619116500,"bytes":6109,"interval":"5min"},{"domain_id":2,"protocol":"http","unixtime":1619154000,"bytes":2795,"interval":"5min"},{"domain_id":2,"protocol":"http","unixtime":1619135400,"bytes":5500,"interval":"5min"},{"domain_id":2,"protocol":"http","unixtime":1619123400,"bytes":5500,"interval":"5min"},{"domain_id":2,"protocol":"http","unixtime":1619156100,"bytes":4979,"interval":"5min"},{"domain_id":2,"protocol":"http","unixtime":1619126100,"bytes":8250,"interval":"5min"},{"domain_id":2,"protocol":"http","unixtime":1619120700,"bytes":8271,"interval":"5min"},{"domain_id":2,"protocol":"http","unixtime":1619139300,"bytes":3302734,"interval":"5min"},{"domain_id":2,"protocol":"http","unixtime":1619144400,"bytes":6579,"interval":"5min"},{"domain_id":2,"protocol":"http","unixtime":1619137200,"bytes":5500,"interval":"5min"},{"domain_id":2,"protocol":"http","unixtime":1619130000,"bytes":8250,"interval":"5min"},{"domain_id":2,"protocol":"http","unixtime":1619140500,"bytes":3746187,"interval":"5min"},{"domain_id":2,"protocol":"http","unixtime":1619134500,"bytes":8859,"interval":"5min"},{"domain_id":2,"protocol":"http","unixtime":1619125500,"bytes":8271,"interval":"5min"},{"domain_id":2,"protocol":"http","unixtime":1619141100,"bytes":17788,"interval":"5min"},{"domain_id":2,"protocol":"http","unixtime":1619120100,"bytes":8880,"interval":"5min"},{"domain_id":2,"protocol":"http","unixtime":1619129400,"bytes":8859,"interval":"5min"},{"domain_id":2,"protocol":"http","unixtime":1619126700,"bytes":5500,"interval":"5min"},{"domain_id":2,"protocol":"http","unixtime":1619115300,"bytes":6922,"interval":"5min"},{"domain_id":2,"protocol":"http","unixtime":1619117400,"bytes":8250,"interval":"5min"},{"domain_id":2,"protocol":"http","unixtime":1619137500,"bytes":8250,"interval":"5min"},{"domain_id":2,"protocol":"http","unixtime":1619155200,"bytes":2186,"interval":"5min"},{"domain_id":2,"protocol":"http","unixtime":1619139600,"bytes":5938130,"interval":"5min"},{"domain_id":2,"protocol":"http","unixtime":1619132100,"bytes":5521,"interval":"5min"},{"domain_id":2,"protocol":"http","unixtime":1619116800,"bytes":8250,"interval":"5min"},{"domain_id":2,"protocol":"http","unixtime":1619138700,"bytes":3486707,"interval":"5min"},{"domain_id":2,"protocol":"http","unixtime":1619140200,"bytes":1796635,"interval":"5min"},{"domain_id":2,"protocol":"http","unixtime":1619134200,"bytes":5500,"interval":"5min"},{"domain_id":2,"protocol":"http","unixtime":1619125200,"bytes":5500,"interval":"5min"},{"domain_id":2,"protocol":"http","unixtime":1619115600,"bytes":8250,"interval":"5min"},{"domain_id":2,"protocol":"http","unixtime":1619133900,"bytes":5500,"interval":"5min"},{"domain_id":2,"protocol":"http","unixtime":1619121900,"bytes":8246,"interval":"5min"},{"domain_id":2,"protocol":"http","unixtime":1619118000,"bytes":8250,"interval":"5min"},{"domain_id":2,"protocol":"http","unixtime":1619130300,"bytes":5521,"interval":"5min"},{"domain_id":2,"protocol":"http","unixtime":1619135700,"bytes":8250,"interval":"5min"},{"domain_id":2,"protocol":"http","unixtime":1619119500,"bytes":5500,"interval":"5min"},{"domain_id":2,"protocol":"http","unixtime":1619128200,"bytes":8250,"interval":"5min"},{"domain_id":2,"protocol":"http","unixtime":1619142900,"bytes":12843,"interval":"5min"},{"domain_id":2,"protocol":"http","unixtime":1619131500,"bytes":5500,"interval":"5min"},{"domain_id":2,"protocol":"http","unixtime":1619122800,"bytes":5500,"interval":"5min"},{"domain_id":2,"protocol":"http","unixtime":1619144100,"bytes":4372,"interval":"5min"},{"domain_id":2,"protocol":"http","unixtime":1619139000,"bytes":4370195,"interval":"5min"},{"domain_id":2,"protocol":"http","unixtime":1619141400,"bytes":21096,"interval":"5min"},{"domain_id":2,"protocol":"http","unixtime":1619129100,"bytes":5500,"interval":"5min"},{"domain_id":2,"protocol":"http","unixtime":1619118600,"bytes":8878,"interval":"5min"},{"domain_id":2,"protocol":"http","unixtime":1619120400,"bytes":5519,"interval":"5min"},{"domain_id":2,"protocol":"http","unixtime":1619115000,"bytes":8859,"interval":"5min"},{"domain_id":2,"protocol":"http","unixtime":1619123700,"bytes":8859,"interval":"5min"},{"domain_id":2,"protocol":"http","unixtime":1619127900,"bytes":5521,"interval":"5min"},{"domain_id":2,"protocol":"http","unixtime":1619119200,"bytes":8250,"interval":"5min"},{"domain_id":2,"protocol":"http","unixtime":1619128500,"bytes":5500,"interval":"5min"},{"domain_id":2,"protocol":"http","unixtime":1619131200,"bytes":9672,"interval":"5min"},{"domain_id":2,"protocol":"http","unixtime":1619132400,"bytes":8250,"interval":"5min"},{"domain_id":2,"protocol":"http","unixtime":1619117100,"bytes":5500,"interval":"5min"},{"domain_id":2,"protocol":"http","unixtime":1619130600,"bytes":8250,"interval":"5min"},{"domain_id":2,"protocol":"http","unixtime":1619143800,"bytes":7167,"interval":"5min"},{"domain_id":2,"protocol":"http","unixtime":1619136900,"bytes":8250,"interval":"5min"},{"domain_id":2,"protocol":"http","unixtime":1619124900,"bytes":8250,"interval":"5min"},{"domain_id":2,"protocol":"http","unixtime":1619118300,"bytes":5500,"interval":"5min"},{"domain_id":2,"protocol":"http","unixtime":1619154900,"bytes":6556,"interval":"5min"},{"domain_id":2,"protocol":"http","unixtime":1619119800,"bytes":5500,"interval":"5min"},{"domain_id":2,"protocol":"http","unixtime":1619154600,"bytes":4981,"interval":"5min"},{"domain_id":2,"protocol":"http","unixtime":1619127300,"bytes":380467,"interval":"5min"},{"domain_id":2,"protocol":"http","unixtime":1619138400,"bytes":726905,"interval":"5min"},{"domain_id":2,"protocol":"http","unixtime":1619122500,"bytes":8250,"interval":"5min"},{"domain_id":2,"protocol":"http","unixtime":1619131800,"bytes":8250,"interval":"5min"},{"domain_id":2,"protocol":"http","unixtime":1619143200,"bytes":5594,"interval":"5min"},{"domain_id":2,"protocol":"http","unixtime":1619117700,"bytes":5500,"interval":"5min"},{"domain_id":2,"protocol":"http","unixtime":1619124600,"bytes":5500,"interval":"5min"},{"domain_id":2,"protocol":"http","unixtime":1619136600,"bytes":15321,"interval":"5min"},{"domain_id":2,"protocol":"http","unixtime":1619130900,"bytes":6109,"interval":"5min"},{"domain_id":2,"protocol":"http","unixtime":1619142300,"bytes":729416,"interval":"5min"},{"domain_id":2,"protocol":"http","unixtime":1619127600,"bytes":8271,"interval":"5min"},{"domain_id":2,"protocol":"http","unixtime":1619154300,"bytes":6558,"interval":"5min"},{"domain_id":2,"protocol":"http","unixtime":1619128800,"bytes":8250,"interval":"5min"},{"domain_id":2,"protocol":"http","unixtime":1619122200,"bytes":6109,"interval":"5min"},{"domain_id":2,"protocol":"http","unixtime":1619133000,"bytes":8859,"interval":"5min"},{"domain_id":2,"protocol":"http","unixtime":1619143500,"bytes":2186,"interval":"5min"},{"domain_id":2,"protocol":"http","unixtime":1619136300,"bytes":8250,"interval":"5min"},{"domain_id":2,"protocol":"http","unixtime":1619124300,"bytes":8250,"interval":"5min"},{"domain_id":2,"protocol":"http","unixtime":1619135100,"bytes":8313,"interval":"5min"},{"domain_id":2,"protocol":"http","unixtime":1619118900,"bytes":5498,"interval":"5min"},{"domain_id":2,"protocol":"http","unixtime":1619121000,"bytes":5500,"interval":"5min"},{"domain_id":2,"protocol":"http","unixtime":1619123100,"bytes":8250,"interval":"5min"},{"domain_id":2,"protocol":"http","unixtime":1619126400,"bytes":5521,"interval":"5min"},{"domain_id":2,"protocol":"http","unixtime":1619142600,"bytes":21783,"interval":"5min"},{"domain_id":2,"protocol":"http","unixtime":1619129700,"bytes":5542,"interval":"5min"},{"domain_id":3,"protocol":"http","unixtime":1619124300,"bytes":6869,"interval":"5min"},{"domain_id":3,"protocol":"http","unixtime":1619124000,"bytes":2855,"interval":"5min"},{"domain_id":1,"protocol":"smtp","unixtime":1619139300,"bytes":2110,"interval":"5min"},{"domain_id":1,"protocol":"smtp","unixtime":1619138700,"bytes":2302,"interval":"5min"},{"domain_id":2,"protocol":"http","unixtime":1619177100,"bytes":68301,"interval":"5min"},{"domain_id":2,"protocol":"http","unixtime":1619159400,"bytes":145326,"interval":"5min"},{"domain_id":2,"protocol":"http","unixtime":1619160300,"bytes":2180,"interval":"5min"},{"domain_id":2,"protocol":"http","unixtime":1619193000,"bytes":17870,"interval":"5min"},{"domain_id":2,"protocol":"http","unixtime":1619159700,"bytes":2477507,"interval":"5min"},{"domain_id":2,"protocol":"http","unixtime":1619160000,"bytes":597817,"interval":"5min"},{"domain_id":2,"protocol":"http","unixtime":1619158800,"bytes":158725,"interval":"5min"},{"domain_id":2,"protocol":"http","unixtime":1619158500,"bytes":81040,"interval":"5min"},{"domain_id":2,"protocol":"http","unixtime":1619159100,"bytes":950987,"interval":"5min"},{"domain_id":3,"protocol":"http","unixtime":1619191800,"bytes":11186,"interval":"5min"},{"domain_id":3,"protocol":"http","unixtime":1619192100,"bytes":961,"interval":"5min"},{"domain_id":2,"protocol":"http","unixtime":1619205900,"bytes":6478,"interval":"5min"},{"domain_id":2,"protocol":"http","unixtime":1619210100,"bytes":9901,"interval":"5min"},{"domain_id":2,"protocol":"http","unixtime":1619205600,"bytes":44349,"interval":"5min"},{"domain_id":3,"protocol":"http","unixtime":1619208300,"bytes":6552,"interval":"5min"},{"domain_id":2,"protocol":"http","unixtime":1619245200,"bytes":1610,"interval":"5min"},{"domain_id":2,"protocol":"http","unixtime":1619275200,"bytes":41382,"interval":"5min"},{"domain_id":3,"protocol":"http","unixtime":1619277900,"bytes":19197,"interval":"5min"},{"domain_id":2,"protocol":"http","unixtime":1619313000,"bytes":8495,"interval":"5min"},{"domain_id":2,"protocol":"http","unixtime":1619318400,"bytes":394447,"interval":"5min"},{"domain_id":2,"protocol":"http","unixtime":1619311800,"bytes":2798,"interval":"5min"},{"domain_id":2,"protocol":"http","unixtime":1619310900,"bytes":57140,"interval":"5min"},{"domain_id":2,"protocol":"http","unixtime":1619310600,"bytes":1091911,"interval":"5min"},{"domain_id":2,"protocol":"http","unixtime":1619312400,"bytes":634369,"interval":"5min"},{"domain_id":2,"protocol":"http","unixtime":1619311200,"bytes":52620,"interval":"5min"},{"domain_id":2,"protocol":"http","unixtime":1619309400,"bytes":13103,"interval":"5min"},{"domain_id":2,"protocol":"http","unixtime":1619316900,"bytes":799437,"interval":"5min"},{"domain_id":2,"protocol":"http","unixtime":1619311500,"bytes":5596,"interval":"5min"},{"domain_id":2,"protocol":"http","unixtime":1619310300,"bytes":8394,"interval":"5min"},{"domain_id":2,"protocol":"http","unixtime":1619319000,"bytes":385298,"interval":"5min"},{"domain_id":2,"protocol":"http","unixtime":1619312100,"bytes":1349736,"interval":"5min"},{"domain_id":2,"protocol":"http","unixtime":1619317500,"bytes":507224,"interval":"5min"},{"domain_id":2,"protocol":"http","unixtime":1619314200,"bytes":1969,"interval":"5min"},{"domain_id":2,"protocol":"http","unixtime":1619318700,"bytes":117847,"interval":"5min"},{"domain_id":2,"protocol":"http","unixtime":1619309100,"bytes":33168,"interval":"5min"},{"domain_id":2,"protocol":"http","unixtime":1619303700,"bytes":931194,"interval":"5min"},{"domain_id":2,"protocol":"http","unixtime":1619313900,"bytes":3938,"interval":"5min"},{"domain_id":2,"protocol":"http","unixtime":1619317200,"bytes":10542,"interval":"5min"},{"domain_id":2,"protocol":"http","unixtime":1619319300,"bytes":51247,"interval":"5min"},{"domain_id":2,"protocol":"http","unixtime":1619314500,"bytes":2582,"interval":"5min"},{"domain_id":2,"protocol":"http","unixtime":1619310000,"bytes":5596,"interval":"5min"},{"domain_id":2,"protocol":"http","unixtime":1619295900,"bytes":34794,"interval":"5min"},{"domain_id":2,"protocol":"http","unixtime":1619317800,"bytes":383406,"interval":"5min"},{"domain_id":2,"protocol":"http","unixtime":1619313300,"bytes":5907,"interval":"5min"},{"domain_id":2,"protocol":"http","unixtime":1619308800,"bytes":3729388,"interval":"5min"},{"domain_id":2,"protocol":"http","unixtime":1619313600,"bytes":5906,"interval":"5min"},{"domain_id":2,"protocol":"http","unixtime":1619318100,"bytes":30132,"interval":"5min"},{"domain_id":2,"protocol":"http","unixtime":1619314800,"bytes":1968,"interval":"5min"},{"domain_id":2,"protocol":"http","unixtime":1619312700,"bytes":124906,"interval":"5min"},{"domain_id":2,"protocol":"http","unixtime":1619309700,"bytes":37491,"interval":"5min"},{"domain_id":2,"protocol":"http","unixtime":1619349000,"bytes":10234,"interval":"5min"},{"domain_id":2,"protocol":"http","unixtime":1619338500,"bytes":1962,"interval":"5min"},{"domain_id":2,"protocol":"http","unixtime":1619337900,"bytes":160864,"interval":"5min"},{"domain_id":2,"protocol":"http","unixtime":1619338200,"bytes":203842,"interval":"5min"},{"domain_id":3,"protocol":"http","unixtime":1619332500,"bytes":12149,"interval":"5min"},{"domain_id":2,"protocol":"http","unixtime":1619388900,"bytes":5727,"interval":"5min"},{"domain_id":2,"protocol":"http","unixtime":1619390400,"bytes":580760,"interval":"5min"},{"domain_id":2,"protocol":"http","unixtime":1619389800,"bytes":13108,"interval":"5min"},{"domain_id":2,"protocol":"http","unixtime":1619388300,"bytes":235886,"interval":"5min"},{"domain_id":2,"protocol":"http","unixtime":1619391000,"bytes":13118,"interval":"5min"},{"domain_id":2,"protocol":"http","unixtime":1619389200,"bytes":62721,"interval":"5min"},{"domain_id":2,"protocol":"http","unixtime":1619388600,"bytes":30168,"interval":"5min"},{"domain_id":2,"protocol":"http","unixtime":1619389500,"bytes":5742,"interval":"5min"},{"domain_id":2,"protocol":"http","unixtime":1619391300,"bytes":8467,"interval":"5min"},{"domain_id":2,"protocol":"http","unixtime":1619390700,"bytes":13945,"interval":"5min"},{"domain_id":2,"protocol":"http","unixtime":1619391600,"bytes":25044,"interval":"5min"},{"domain_id":2,"protocol":"http","unixtime":1619390100,"bytes":1028247,"interval":"5min"},{"domain_id":3,"protocol":"http","unixtime":1619384700,"bytes":263281,"interval":"5min"},{"domain_id":3,"protocol":"http","unixtime":1619383500,"bytes":185714,"interval":"5min"},{"domain_id":3,"protocol":"http","unixtime":1619394900,"bytes":4724,"interval":"5min"},{"domain_id":3,"protocol":"http","unixtime":1619388900,"bytes":14417,"interval":"5min"},{"domain_id":3,"protocol":"http","unixtime":1619393700,"bytes":47205,"interval":"5min"},{"domain_id":3,"protocol":"http","unixtime":1619389800,"bytes":14314,"interval":"5min"},{"domain_id":3,"protocol":"http","unixtime":1619383200,"bytes":3533356,"interval":"5min"},{"domain_id":3,"protocol":"http","unixtime":1619387700,"bytes":14417,"interval":"5min"},{"domain_id":3,"protocol":"http","unixtime":1619390400,"bytes":14314,"interval":"5min"},{"domain_id":3,"protocol":"http","unixtime":1619392800,"bytes":1253490,"interval":"5min"},{"domain_id":3,"protocol":"http","unixtime":1619387100,"bytes":18595,"interval":"5min"},{"domain_id":3,"protocol":"http","unixtime":1619383800,"bytes":32291,"interval":"5min"},{"domain_id":3,"protocol":"http","unixtime":1619389200,"bytes":17015,"interval":"5min"},{"domain_id":3,"protocol":"http","unixtime":1619393100,"bytes":196938,"interval":"5min"},{"domain_id":3,"protocol":"http","unixtime":1619394300,"bytes":54578,"interval":"5min"},{"domain_id":3,"protocol":"http","unixtime":1619391000,"bytes":17036,"interval":"5min"},{"domain_id":3,"protocol":"http","unixtime":1619388300,"bytes":14417,"interval":"5min"},{"domain_id":3,"protocol":"http","unixtime":1619392200,"bytes":16403,"interval":"5min"},{"domain_id":3,"protocol":"http","unixtime":1619389500,"bytes":14416,"interval":"5min"},{"domain_id":3,"protocol":"http","unixtime":1619384100,"bytes":32434,"interval":"5min"},{"domain_id":3,"protocol":"http","unixtime":1619385000,"bytes":1065153,"interval":"5min"},{"domain_id":3,"protocol":"http","unixtime":1619388600,"bytes":16403,"interval":"5min"},{"domain_id":3,"protocol":"http","unixtime":1619394600,"bytes":26585,"interval":"5min"},{"domain_id":3,"protocol":"http","unixtime":1619392500,"bytes":156054,"interval":"5min"},{"domain_id":3,"protocol":"http","unixtime":1619387400,"bytes":26519,"interval":"5min"},{"domain_id":3,"protocol":"http","unixtime":1619390700,"bytes":14417,"interval":"5min"},{"domain_id":3,"protocol":"http","unixtime":1619386800,"bytes":251392,"interval":"5min"},{"domain_id":3,"protocol":"http","unixtime":1619393400,"bytes":47220,"interval":"5min"},{"domain_id":3,"protocol":"http","unixtime":1619391300,"bytes":14417,"interval":"5min"},{"domain_id":3,"protocol":"http","unixtime":1619388000,"bytes":16403,"interval":"5min"},{"domain_id":3,"protocol":"http","unixtime":1619394000,"bytes":47220,"interval":"5min"},{"domain_id":3,"protocol":"http","unixtime":1619385600,"bytes":1769417,"interval":"5min"},{"domain_id":3,"protocol":"http","unixtime":1619384400,"bytes":221829,"interval":"5min"},{"domain_id":3,"protocol":"http","unixtime":1619385300,"bytes":306178,"interval":"5min"},{"domain_id":3,"protocol":"http","unixtime":1619391600,"bytes":16403,"interval":"5min"},{"domain_id":3,"protocol":"http","unixtime":1619391900,"bytes":14416,"interval":"5min"},{"domain_id":3,"protocol":"http","unixtime":1619386500,"bytes":55178,"interval":"5min"},{"domain_id":3,"protocol":"http","unixtime":1619395200,"bytes":4765,"interval":"5min"},{"domain_id":3,"protocol":"http","unixtime":1619385900,"bytes":511863,"interval":"5min"},{"domain_id":3,"protocol":"http","unixtime":1619390100,"bytes":16507,"interval":"5min"},{"domain_id":3,"protocol":"http","unixtime":1619386200,"bytes":51798,"interval":"5min"},{"domain_id":2,"protocol":"http","unixtime":1619430000,"bytes":29210,"interval":"5min"},{"domain_id":3,"protocol":"http","unixtime":1619430600,"bytes":9697,"interval":"5min"},{"domain_id":2,"protocol":"http","unixtime":1619494500,"bytes":264427,"interval":"5min"},{"domain_id":2,"protocol":"http","unixtime":1619484900,"bytes":2203,"interval":"5min"},{"domain_id":2,"protocol":"http","unixtime":1619483700,"bytes":7697,"interval":"5min"},{"domain_id":2,"protocol":"http","unixtime":1619484300,"bytes":6609,"interval":"5min"},{"domain_id":2,"protocol":"http","unixtime":1619484600,"bytes":4404,"interval":"5min"},{"domain_id":2,"protocol":"http","unixtime":1619495400,"bytes":6758,"interval":"5min"},{"domain_id":2,"protocol":"http","unixtime":1619484000,"bytes":184999,"interval":"5min"},{"domain_id":2,"protocol":"http","unixtime":1619483400,"bytes":739869,"interval":"5min"},{"domain_id":2,"protocol":"http","unixtime":1619493000,"bytes":2925657,"interval":"5min"},{"domain_id":2,"protocol":"http","unixtime":1619503800,"bytes":20576,"interval":"5min"},{"domain_id":2,"protocol":"http","unixtime":1619546100,"bytes":41384,"interval":"5min"},{"domain_id":3,"protocol":"http","unixtime":1619526900,"bytes":22308,"interval":"5min"},{"domain_id":3,"protocol":"http","unixtime":1619545800,"bytes":26016,"interval":"5min"},{"domain_id":3,"protocol":"http","unixtime":1619527200,"bytes":10598,"interval":"5min"},{"domain_id":2,"protocol":"http","unixtime":1619559300,"bytes":6574,"interval":"5min"},{"domain_id":2,"protocol":"http","unixtime":1619563500,"bytes":6601,"interval":"5min"},{"domain_id":2,"protocol":"http","unixtime":1619556300,"bytes":2444008,"interval":"5min"},{"domain_id":2,"protocol":"http","unixtime":1619566800,"bytes":32767,"interval":"5min"},{"domain_id":3,"protocol":"http","unixtime":1619566800,"bytes":8128,"interval":"5min"},{"domain_id":3,"protocol":"http","unixtime":1619567400,"bytes":25762,"interval":"5min"},{"domain_id":3,"protocol":"http","unixtime":1619566500,"bytes":6081,"interval":"5min"},{"domain_id":3,"protocol":"http","unixtime":1619566200,"bytes":26439,"interval":"5min"},{"domain_id":3,"protocol":"http","unixtime":1619565900,"bytes":39486,"interval":"5min"},{"domain_id":3,"protocol":"http","unixtime":1619563500,"bytes":31615,"interval":"5min"},{"domain_id":3,"protocol":"http","unixtime":1619547900,"bytes":210359,"interval":"5min"},{"domain_id":3,"protocol":"http","unixtime":1619567100,"bytes":6081,"interval":"5min"},{"domain_id":3,"protocol":"http","unixtime":1619547600,"bytes":7620,"interval":"5min"},{"domain_id":3,"protocol":"http","unixtime":1619548800,"bytes":496,"interval":"5min"},{"domain_id":2,"protocol":"http","unixtime":1619626200,"bytes":34002,"interval":"5min"},{"domain_id":2,"protocol":"http","unixtime":1619625900,"bytes":41633,"interval":"5min"},{"domain_id":3,"protocol":"http","unixtime":1619620800,"bytes":6620,"interval":"5min"},{"domain_id":2,"protocol":"http","unixtime":1619736300,"bytes":49452,"interval":"5min"},{"domain_id":2,"protocol":"http","unixtime":1619750100,"bytes":474450,"interval":"5min"},{"domain_id":2,"protocol":"http","unixtime":1619803200,"bytes":18523,"interval":"5min"},{"domain_id":3,"protocol":"http","unixtime":1619800500,"bytes":26016,"interval":"5min"},{"domain_id":3,"protocol":"http","unixtime":1619798400,"bytes":23188,"interval":"5min"},{"domain_id":2,"protocol":"http","unixtime":1619811000,"bytes":32769,"interval":"5min"},{"domain_id":2,"protocol":"http","unixtime":1619857500,"bytes":60030,"interval":"5min"},{"domain_id":2,"protocol":"http","unixtime":1619857800,"bytes":206806,"interval":"5min"},{"domain_id":2,"protocol":"http","unixtime":1619855100,"bytes":514875,"interval":"5min"},{"domain_id":2,"protocol":"http","unixtime":1619878500,"bytes":940396,"interval":"5min"},{"domain_id":3,"protocol":"http","unixtime":1619887800,"bytes":23466,"interval":"5min"},{"domain_id":3,"protocol":"http","unixtime":1619882700,"bytes":58110,"interval":"5min"},{"domain_id":3,"protocol":"http","unixtime":1619887500,"bytes":8985,"interval":"5min"},{"domain_id":3,"protocol":"http","unixtime":1619931900,"bytes":17302,"interval":"5min"},{"domain_id":3,"protocol":"http","unixtime":1619901600,"bytes":410674,"interval":"5min"},{"domain_id":3,"protocol":"http","unixtime":1619932200,"bytes":22610,"interval":"5min"},{"domain_id":2,"protocol":"http","unixtime":1617940800,"bytes":1044129,"interval":"daily"},{"domain_id":3,"protocol":"http","unixtime":1618027200,"bytes":534882,"interval":"daily"},{"domain_id":3,"protocol":"http","unixtime":1617940800,"bytes":445161,"interval":"daily"},{"domain_id":1,"protocol":"ftp","unixtime":1617940800,"bytes":7370137,"interval":"daily"},{"domain_id":2,"protocol":"http","unixtime":1618027200,"bytes":157963,"interval":"daily"},{"domain_id":2,"protocol":"http","unixtime":1618113600,"bytes":836600,"interval":"daily"},{"domain_id":3,"protocol":"http","unixtime":1618113600,"bytes":313340,"interval":"daily"},{"domain_id":2,"protocol":"http","unixtime":1618200000,"bytes":44375822,"interval":"daily"},{"domain_id":3,"protocol":"http","unixtime":1618200000,"bytes":115660,"interval":"daily"},{"domain_id":1,"protocol":"ftp","unixtime":1618200000,"bytes":7404940,"interval":"daily"},{"domain_id":1,"protocol":"smtp","unixtime":1618200000,"bytes":1464,"interval":"daily"},{"domain_id":1,"protocol":"imap","unixtime":1618200000,"bytes":18198,"interval":"daily"},{"domain_id":2,"protocol":"http","unixtime":1618286400,"bytes":3802721,"interval":"daily"},{"domain_id":3,"protocol":"http","unixtime":1618286400,"bytes":821054,"interval":"daily"},{"domain_id":3,"protocol":"http","unixtime":1618372800,"bytes":685111,"interval":"daily"},{"domain_id":1,"protocol":"smtp","unixtime":1618286400,"bytes":1495,"interval":"daily"},{"domain_id":2,"protocol":"http","unixtime":1618372800,"bytes":976727,"interval":"daily"},{"domain_id":2,"protocol":"http","unixtime":1618459200,"bytes":56984415,"interval":"daily"},{"domain_id":3,"protocol":"http","unixtime":1618459200,"bytes":20442,"interval":"daily"},{"domain_id":2,"protocol":"http","unixtime":1618545600,"bytes":3439254,"interval":"daily"},{"domain_id":1,"protocol":"smtp","unixtime":1618459200,"bytes":6590,"interval":"daily"},{"domain_id":3,"protocol":"http","unixtime":1618545600,"bytes":8887,"interval":"daily"},{"domain_id":2,"protocol":"http","unixtime":1618718400,"bytes":56268,"interval":"daily"},{"domain_id":2,"protocol":"http","unixtime":1618632000,"bytes":263422,"interval":"daily"},{"domain_id":3,"protocol":"http","unixtime":1618718400,"bytes":24127,"interval":"daily"},{"domain_id":2,"protocol":"http","unixtime":1618804800,"bytes":17513929,"interval":"daily"},{"domain_id":2,"protocol":"http","unixtime":1618891200,"bytes":32646,"interval":"daily"},{"domain_id":3,"protocol":"http","unixtime":1618977600,"bytes":5459666,"interval":"daily"},{"domain_id":2,"protocol":"http","unixtime":1618977600,"bytes":1186827,"interval":"daily"},{"domain_id":2,"protocol":"http","unixtime":1619064000,"bytes":28390776,"interval":"daily"},{"domain_id":3,"protocol":"http","unixtime":1619064000,"bytes":16106,"interval":"daily"},{"domain_id":2,"protocol":"http","unixtime":1619150400,"bytes":4590722,"interval":"daily"},{"domain_id":1,"protocol":"smtp","unixtime":1619064000,"bytes":4412,"interval":"daily"},{"domain_id":3,"protocol":"http","unixtime":1619150400,"bytes":18699,"interval":"daily"},{"domain_id":2,"protocol":"http","unixtime":1619236800,"bytes":10865541,"interval":"daily"},{"domain_id":3,"protocol":"http","unixtime":1619236800,"bytes":19197,"interval":"daily"},{"domain_id":2,"protocol":"http","unixtime":1619323200,"bytes":2399835,"interval":"daily"},{"domain_id":3,"protocol":"http","unixtime":1619323200,"bytes":10421641,"interval":"daily"},{"domain_id":2,"protocol":"http","unixtime":1619409600,"bytes":4171833,"interval":"daily"},{"domain_id":3,"protocol":"http","unixtime":1619409600,"bytes":9697,"interval":"daily"},{"domain_id":2,"protocol":"http","unixtime":1619496000,"bytes":2551910,"interval":"daily"},{"domain_id":3,"protocol":"http","unixtime":1619496000,"bytes":420989,"interval":"daily"},{"domain_id":2,"protocol":"http","unixtime":1619582400,"bytes":75635,"interval":"daily"},{"domain_id":3,"protocol":"http","unixtime":1619582400,"bytes":6620,"interval":"daily"},{"domain_id":2,"protocol":"http","unixtime":1619668800,"bytes":523902,"interval":"daily"},{"domain_id":2,"protocol":"http","unixtime":1619755200,"bytes":51292,"interval":"daily"},{"domain_id":3,"protocol":"http","unixtime":1619755200,"bytes":49204,"interval":"daily"},{"domain_id":2,"protocol":"http","unixtime":1619841600,"bytes":1722107,"interval":"daily"},{"domain_id":3,"protocol":"http","unixtime":1619841600,"bytes":501235,"interval":"daily"},{"domain_id":3,"protocol":"http","unixtime":1619928000,"bytes":39912,"interval":"daily"},{"domain_id":2,"protocol":"http","unixtime":1618012800,"bytes":900701,"interval":"hourly"},{"domain_id":2,"protocol":"http","unixtime":1618016400,"bytes":143428,"interval":"hourly"},{"domain_id":3,"protocol":"http","unixtime":1618012800,"bytes":303849,"interval":"hourly"},{"domain_id":3,"protocol":"http","unixtime":1618009200,"bytes":141312,"interval":"hourly"},{"domain_id":3,"protocol":"http","unixtime":1618030800,"bytes":99414,"interval":"hourly"},{"domain_id":1,"protocol":"ftp","unixtime":1618009200,"bytes":7370137,"interval":"hourly"},{"domain_id":2,"protocol":"http","unixtime":1618045200,"bytes":2690,"interval":"hourly"},{"domain_id":2,"protocol":"http","unixtime":1618052400,"bytes":2446,"interval":"hourly"},{"domain_id":3,"protocol":"http","unixtime":1618045200,"bytes":3852,"interval":"hourly"},{"domain_id":3,"protocol":"http","unixtime":1618041600,"bytes":8097,"interval":"hourly"},{"domain_id":3,"protocol":"http","unixtime":1618052400,"bytes":3557,"interval":"hourly"},{"domain_id":3,"protocol":"http","unixtime":1618059600,"bytes":632,"interval":"hourly"},{"domain_id":3,"protocol":"http","unixtime":1618063200,"bytes":400028,"interval":"hourly"},{"domain_id":3,"protocol":"http","unixtime":1618038000,"bytes":7230,"interval":"hourly"},{"domain_id":3,"protocol":"http","unixtime":1618034400,"bytes":3950,"interval":"hourly"},{"domain_id":2,"protocol":"http","unixtime":1618113600,"bytes":101097,"interval":"hourly"},{"domain_id":2,"protocol":"http","unixtime":1618099200,"bytes":152827,"interval":"hourly"},{"domain_id":3,"protocol":"http","unixtime":1618117200,"bytes":99394,"interval":"hourly"},{"domain_id":3,"protocol":"http","unixtime":1618102800,"bytes":4061,"interval":"hourly"},{"domain_id":3,"protocol":"http","unixtime":1618077600,"bytes":4061,"interval":"hourly"},{"domain_id":2,"protocol":"http","unixtime":1618149600,"bytes":83100,"interval":"hourly"},{"domain_id":2,"protocol":"http","unixtime":1618146000,"bytes":34961,"interval":"hourly"},{"domain_id":2,"protocol":"http","unixtime":1618135200,"bytes":11766,"interval":"hourly"},{"domain_id":2,"protocol":"http","unixtime":1618128000,"bytes":291879,"interval":"hourly"},{"domain_id":2,"protocol":"http","unixtime":1618138800,"bytes":5529,"interval":"hourly"},{"domain_id":3,"protocol":"http","unixtime":1618156800,"bytes":4061,"interval":"hourly"},{"domain_id":2,"protocol":"http","unixtime":1618171200,"bytes":15384,"interval":"hourly"},{"domain_id":2,"protocol":"http","unixtime":1618200000,"bytes":93953,"interval":"hourly"},{"domain_id":2,"protocol":"http","unixtime":1618174800,"bytes":292884,"interval":"hourly"},{"domain_id":3,"protocol":"http","unixtime":1618192800,"bytes":150160,"interval":"hourly"},{"domain_id":3,"protocol":"http","unixtime":1618167600,"bytes":4065,"interval":"hourly"},{"domain_id":3,"protocol":"http","unixtime":1618185600,"bytes":55660,"interval":"hourly"},{"domain_id":3,"protocol":"http","unixtime":1618218000,"bytes":4065,"interval":"hourly"},{"domain_id":3,"protocol":"http","unixtime":1618236000,"bytes":658,"interval":"hourly"},{"domain_id":3,"protocol":"http","unixtime":1618243200,"bytes":4061,"interval":"hourly"},{"domain_id":2,"protocol":"http","unixtime":1618272000,"bytes":41828965,"interval":"hourly"},{"domain_id":2,"protocol":"http","unixtime":1618257600,"bytes":148428,"interval":"hourly"},{"domain_id":2,"protocol":"http","unixtime":1618275600,"bytes":11335,"interval":"hourly"},{"domain_id":2,"protocol":"http","unixtime":1618264800,"bytes":148458,"interval":"hourly"},{"domain_id":2,"protocol":"http","unixtime":1618279200,"bytes":103618,"interval":"hourly"},{"domain_id":2,"protocol":"http","unixtime":1618268400,"bytes":2041065,"interval":"hourly"},{"domain_id":3,"protocol":"http","unixtime":1618254000,"bytes":1222,"interval":"hourly"},{"domain_id":3,"protocol":"http","unixtime":1618264800,"bytes":101593,"interval":"hourly"},{"domain_id":3,"protocol":"http","unixtime":1618257600,"bytes":4061,"interval":"hourly"},{"domain_id":1,"protocol":"ftp","unixtime":1618268400,"bytes":7404940,"interval":"hourly"},{"domain_id":1,"protocol":"smtp","unixtime":1618272000,"bytes":1464,"interval":"hourly"},{"domain_id":1,"protocol":"imap","unixtime":1618268400,"bytes":18198,"interval":"hourly"},{"domain_id":2,"protocol":"http","unixtime":1618329600,"bytes":81478,"interval":"hourly"},{"domain_id":2,"protocol":"http","unixtime":1618300800,"bytes":23308,"interval":"hourly"},{"domain_id":3,"protocol":"http","unixtime":1618304400,"bytes":658,"interval":"hourly"},{"domain_id":3,"protocol":"http","unixtime":1618300800,"bytes":4063,"interval":"hourly"},{"domain_id":3,"protocol":"http","unixtime":1618318800,"bytes":4061,"interval":"hourly"},{"domain_id":2,"protocol":"http","unixtime":1618354800,"bytes":914973,"interval":"hourly"},{"domain_id":2,"protocol":"http","unixtime":1618351200,"bytes":2782962,"interval":"hourly"},{"domain_id":3,"protocol":"http","unixtime":1618347600,"bytes":4063,"interval":"hourly"},{"domain_id":3,"protocol":"http","unixtime":1618354800,"bytes":808209,"interval":"hourly"},{"domain_id":3,"protocol":"http","unixtime":1618372800,"bytes":10580,"interval":"hourly"},{"domain_id":1,"protocol":"smtp","unixtime":1618354800,"bytes":1495,"interval":"hourly"},{"domain_id":3,"protocol":"http","unixtime":1618416000,"bytes":655758,"interval":"hourly"},{"domain_id":3,"protocol":"http","unixtime":1618419600,"bytes":16388,"interval":"hourly"},{"domain_id":2,"protocol":"http","unixtime":1618434000,"bytes":976727,"interval":"hourly"},{"domain_id":3,"protocol":"http","unixtime":1618426800,"bytes":2385,"interval":"hourly"},{"domain_id":2,"protocol":"http","unixtime":1618480800,"bytes":31164,"interval":"hourly"},{"domain_id":3,"protocol":"http","unixtime":1618473600,"bytes":20442,"interval":"hourly"},{"domain_id":2,"protocol":"http","unixtime":1618538400,"bytes":13319,"interval":"hourly"},{"domain_id":2,"protocol":"http","unixtime":1618531200,"bytes":23999015,"interval":"hourly"},{"domain_id":2,"protocol":"http","unixtime":1618552800,"bytes":270390,"interval":"hourly"},{"domain_id":2,"protocol":"http","unixtime":1618542000,"bytes":14037,"interval":"hourly"},{"domain_id":2,"protocol":"http","unixtime":1618534800,"bytes":32926880,"interval":"hourly"},{"domain_id":1,"protocol":"smtp","unixtime":1618534800,"bytes":4356,"interval":"hourly"},{"domain_id":1,"protocol":"smtp","unixtime":1618531200,"bytes":2234,"interval":"hourly"},{"domain_id":2,"protocol":"http","unixtime":1618556400,"bytes":2197628,"interval":"hourly"},{"domain_id":2,"protocol":"http","unixtime":1618621200,"bytes":937461,"interval":"hourly"},{"domain_id":2,"protocol":"http","unixtime":1618614000,"bytes":2073,"interval":"hourly"},{"domain_id":2,"protocol":"http","unixtime":1618606800,"bytes":22437,"interval":"hourly"},{"domain_id":2,"protocol":"http","unixtime":1618610400,"bytes":9265,"interval":"hourly"},{"domain_id":3,"protocol":"http","unixtime":1618596000,"bytes":8887,"interval":"hourly"},{"domain_id":2,"protocol":"http","unixtime":1618689600,"bytes":21777,"interval":"hourly"},{"domain_id":2,"protocol":"http","unixtime":1618711200,"bytes":29252,"interval":"hourly"},{"domain_id":2,"protocol":"http","unixtime":1618718400,"bytes":12986,"interval":"hourly"},{"domain_id":2,"protocol":"http","unixtime":1618704000,"bytes":212393,"interval":"hourly"},{"domain_id":2,"protocol":"http","unixtime":1618743600,"bytes":32607,"interval":"hourly"},{"domain_id":3,"protocol":"http","unixtime":1618743600,"bytes":14423,"interval":"hourly"},{"domain_id":2,"protocol":"http","unixtime":1618790400,"bytes":10675,"interval":"hourly"},{"domain_id":3,"protocol":"http","unixtime":1618786800,"bytes":9704,"interval":"hourly"},{"domain_id":2,"protocol":"http","unixtime":1618873200,"bytes":3872527,"interval":"hourly"},{"domain_id":2,"protocol":"http","unixtime":1618880400,"bytes":1013192,"interval":"hourly"},{"domain_id":2,"protocol":"http","unixtime":1618876800,"bytes":12571378,"interval":"hourly"},{"domain_id":2,"protocol":"http","unixtime":1618887600,"bytes":56832,"interval":"hourly"},{"domain_id":2,"protocol":"http","unixtime":1618920000,"bytes":20858,"interval":"hourly"},{"domain_id":2,"protocol":"http","unixtime":1618966800,"bytes":11788,"interval":"hourly"},{"domain_id":3,"protocol":"http","unixtime":1618977600,"bytes":4420327,"interval":"hourly"},{"domain_id":2,"protocol":"http","unixtime":1619013600,"bytes":14730,"interval":"hourly"},{"domain_id":2,"protocol":"http","unixtime":1619002800,"bytes":32609,"interval":"hourly"},{"domain_id":2,"protocol":"http","unixtime":1619017200,"bytes":75439,"interval":"hourly"},{"domain_id":2,"protocol":"http","unixtime":1619028000,"bytes":61696,"interval":"hourly"},{"domain_id":2,"protocol":"http","unixtime":1619024400,"bytes":83730,"interval":"hourly"},{"domain_id":2,"protocol":"http","unixtime":1619020800,"bytes":83709,"interval":"hourly"},{"domain_id":2,"protocol":"http","unixtime":1618995600,"bytes":50545,"interval":"hourly"},{"domain_id":3,"protocol":"http","unixtime":1619006400,"bytes":25062,"interval":"hourly"},{"domain_id":3,"protocol":"http","unixtime":1619013600,"bytes":74805,"interval":"hourly"},{"domain_id":3,"protocol":"http","unixtime":1619020800,"bytes":858659,"interval":"hourly"},{"domain_id":3,"protocol":"http","unixtime":1619024400,"bytes":26390,"interval":"hourly"},{"domain_id":2,"protocol":"http","unixtime":1619038800,"bytes":80937,"interval":"hourly"},{"domain_id":2,"protocol":"http","unixtime":1619042400,"bytes":83730,"interval":"hourly"},{"domain_id":2,"protocol":"http","unixtime":1619064000,"bytes":81010,"interval":"hourly"},{"domain_id":2,"protocol":"http","unixtime":1619035200,"bytes":6107,"interval":"hourly"},{"domain_id":2,"protocol":"http","unixtime":1619046000,"bytes":39095,"interval":"hourly"},{"domain_id":2,"protocol":"http","unixtime":1619067600,"bytes":83779,"interval":"hourly"},{"domain_id":2,"protocol":"http","unixtime":1619060400,"bytes":574500,"interval":"hourly"},{"domain_id":2,"protocol":"http","unixtime":1619071200,"bytes":83781,"interval":"hourly"},{"domain_id":3,"protocol":"http","unixtime":1619035200,"bytes":6744,"interval":"hourly"},{"domain_id":3,"protocol":"http","unixtime":1619053200,"bytes":2563,"interval":"hourly"},{"domain_id":3,"protocol":"http","unixtime":1619046000,"bytes":26207,"interval":"hourly"},{"domain_id":3,"protocol":"http","unixtime":1619031600,"bytes":18909,"interval":"hourly"},{"domain_id":2,"protocol":"http","unixtime":1619103600,"bytes":83739,"interval":"hourly"},{"domain_id":2,"protocol":"http","unixtime":1619074800,"bytes":42510,"interval":"hourly"},{"domain_id":2,"protocol":"http","unixtime":1619107200,"bytes":85161,"interval":"hourly"},{"domain_id":2,"protocol":"http","unixtime":1619100000,"bytes":83718,"interval":"hourly"},{"domain_id":2,"protocol":"http","unixtime":1619078400,"bytes":1255,"interval":"hourly"},{"domain_id":2,"protocol":"http","unixtime":1619110800,"bytes":80966,"interval":"hourly"},{"domain_id":2,"protocol":"http","unixtime":1619092800,"bytes":92383,"interval":"hourly"},{"domain_id":2,"protocol":"http","unixtime":1619096400,"bytes":80968,"interval":"hourly"},{"domain_id":2,"protocol":"http","unixtime":1619089200,"bytes":64466,"interval":"hourly"},{"domain_id":2,"protocol":"http","unixtime":1619114400,"bytes":85138,"interval":"hourly"},{"domain_id":3,"protocol":"http","unixtime":1619096400,"bytes":6382,"interval":"hourly"},{"domain_id":2,"protocol":"http","unixtime":1619143200,"bytes":25898,"interval":"hourly"},{"domain_id":2,"protocol":"http","unixtime":1619128800,"bytes":85224,"interval":"hourly"},{"domain_id":2,"protocol":"http","unixtime":1619132400,"bytes":83781,"interval":"hourly"},{"domain_id":2,"protocol":"http","unixtime":1619118000,"bytes":83796,"interval":"hourly"},{"domain_id":2,"protocol":"http","unixtime":1619139600,"bytes":14671463,"interval":"hourly"},{"domain_id":2,"protocol":"http","unixtime":1619125200,"bytes":455429,"interval":"hourly"},{"domain_id":2,"protocol":"http","unixtime":1619121600,"bytes":83733,"interval":"hourly"},{"domain_id":2,"protocol":"http","unixtime":1619136000,"bytes":11952578,"interval":"hourly"},{"domain_id":2,"protocol":"http","unixtime":1619154000,"bytes":30241,"interval":"hourly"},{"domain_id":3,"protocol":"http","unixtime":1619121600,"bytes":9724,"interval":"hourly"},{"domain_id":1,"protocol":"smtp","unixtime":1619136000,"bytes":4412,"interval":"hourly"},{"domain_id":2,"protocol":"http","unixtime":1619190000,"bytes":17870,"interval":"hourly"},{"domain_id":2,"protocol":"http","unixtime":1619175600,"bytes":68301,"interval":"hourly"},{"domain_id":2,"protocol":"http","unixtime":1619157600,"bytes":4413582,"interval":"hourly"},{"domain_id":3,"protocol":"http","unixtime":1619190000,"bytes":12147,"interval":"hourly"},{"domain_id":2,"protocol":"http","unixtime":1619208000,"bytes":9901,"interval":"hourly"},{"domain_id":2,"protocol":"http","unixtime":1619204400,"bytes":50827,"interval":"hourly"},{"domain_id":3,"protocol":"http","unixtime":1619208000,"bytes":6552,"interval":"hourly"},{"domain_id":2,"protocol":"http","unixtime":1619244000,"bytes":1610,"interval":"hourly"},{"domain_id":2,"protocol":"http","unixtime":1619272800,"bytes":41382,"interval":"hourly"},{"domain_id":3,"protocol":"http","unixtime":1619276400,"bytes":19197,"interval":"hourly"},{"domain_id":2,"protocol":"http","unixtime":1619294400,"bytes":34794,"interval":"hourly"},{"domain_id":2,"protocol":"http","unixtime":1619308800,"bytes":6386941,"interval":"hourly"},{"domain_id":2,"protocol":"http","unixtime":1619316000,"bytes":2679580,"interval":"hourly"},{"domain_id":2,"protocol":"http","unixtime":1619301600,"bytes":931194,"interval":"hourly"},{"domain_id":2,"protocol":"http","unixtime":1619312400,"bytes":790040,"interval":"hourly"},{"domain_id":2,"protocol":"http","unixtime":1619348400,"bytes":10234,"interval":"hourly"},{"domain_id":2,"protocol":"http","unixtime":1619337600,"bytes":366668,"interval":"hourly"},{"domain_id":3,"protocol":"http","unixtime":1619330400,"bytes":12149,"interval":"hourly"},{"domain_id":2,"protocol":"http","unixtime":1619391600,"bytes":25044,"interval":"hourly"},{"domain_id":2,"protocol":"http","unixtime":1619388000,"bytes":1997889,"interval":"hourly"},{"domain_id":3,"protocol":"http","unixtime":1619395200,"bytes":4765,"interval":"hourly"},{"domain_id":3,"protocol":"http","unixtime":1619380800,"bytes":3783795,"interval":"hourly"},{"domain_id":3,"protocol":"http","unixtime":1619388000,"bytes":184076,"interval":"hourly"},{"domain_id":3,"protocol":"http","unixtime":1619384400,"bytes":4555620,"interval":"hourly"},{"domain_id":3,"protocol":"http","unixtime":1619391600,"bytes":1881236,"interval":"hourly"},{"domain_id":2,"protocol":"http","unixtime":1619427600,"bytes":29210,"interval":"hourly"},{"domain_id":3,"protocol":"http","unixtime":1619427600,"bytes":9697,"interval":"hourly"},{"domain_id":2,"protocol":"http","unixtime":1619492400,"bytes":3196842,"interval":"hourly"},{"domain_id":2,"protocol":"http","unixtime":1619481600,"bytes":945781,"interval":"hourly"},{"domain_id":2,"protocol":"http","unixtime":1619503200,"bytes":20576,"interval":"hourly"},{"domain_id":2,"protocol":"http","unixtime":1619542800,"bytes":41384,"interval":"hourly"},{"domain_id":3,"protocol":"http","unixtime":1619542800,"bytes":26016,"interval":"hourly"},{"domain_id":3,"protocol":"http","unixtime":1619524800,"bytes":32906,"interval":"hourly"},{"domain_id":2,"protocol":"http","unixtime":1619564400,"bytes":32767,"interval":"hourly"},{"domain_id":2,"protocol":"http","unixtime":1619560800,"bytes":6601,"interval":"hourly"},{"domain_id":2,"protocol":"http","unixtime":1619553600,"bytes":2444008,"interval":"hourly"},{"domain_id":2,"protocol":"http","unixtime":1619557200,"bytes":6574,"interval":"hourly"},{"domain_id":3,"protocol":"http","unixtime":1619546400,"bytes":218475,"interval":"hourly"},{"domain_id":3,"protocol":"http","unixtime":1619564400,"bytes":111977,"interval":"hourly"},{"domain_id":3,"protocol":"http","unixtime":1619560800,"bytes":31615,"interval":"hourly"},{"domain_id":2,"protocol":"http","unixtime":1619625600,"bytes":75635,"interval":"hourly"},{"domain_id":3,"protocol":"http","unixtime":1619618400,"bytes":6620,"interval":"hourly"},{"domain_id":2,"protocol":"http","unixtime":1619748000,"bytes":474450,"interval":"hourly"},{"domain_id":2,"protocol":"http","unixtime":1619733600,"bytes":49452,"interval":"hourly"},{"domain_id":2,"protocol":"http","unixtime":1619802000,"bytes":18523,"interval":"hourly"},{"domain_id":3,"protocol":"http","unixtime":1619798400,"bytes":49204,"interval":"hourly"},{"domain_id":2,"protocol":"http","unixtime":1619809200,"bytes":32769,"interval":"hourly"},{"domain_id":2,"protocol":"http","unixtime":1619856000,"bytes":266836,"interval":"hourly"},{"domain_id":2,"protocol":"http","unixtime":1619877600,"bytes":940396,"interval":"hourly"},{"domain_id":2,"protocol":"http","unixtime":1619852400,"bytes":514875,"interval":"hourly"},{"domain_id":3,"protocol":"http","unixtime":1619884800,"bytes":32451,"interval":"hourly"},{"domain_id":3,"protocol":"http","unixtime":1619881200,"bytes":58110,"interval":"hourly"},{"domain_id":3,"protocol":"http","unixtime":1619899200,"bytes":410674,"interval":"hourly"},{"domain_id":3,"protocol":"http","unixtime":1619931600,"bytes":39912,"interval":"hourly"}]
